show_id,genre_id
0,12
0,15
0,16
1,3
1,23
2,7
2,12
3,12
3,16
4,7
4,16
4,24
5,7
6,14
6,26
7,41
8,0
8,12
9,0
9,6
9,12
10,12
10,14
10,41
11,0
11,14
11,41
12,0
12,14
12,41
13,0
14,12
14,41
15,0
15,1
15,16
16,0
16,1
16,16
17,0
17,1
17,16
18,0
18,1
18,16
19,0
19,1
19,16
20,0
20,1
20,16
21,0
21,1
21,16
22,0
22,1
22,16
23,0
23,1
23,16
24,0
24,1
24,16
25,0
25,1
25,16
26,0
26,1
26,16
27,12
27,16
28,0
29,0
29,7
29,12
30,26
30,41
31,4
31,7
32,10
32,22
33,0
33,7
33,12
34,4
34,12
35,12
35,16
35,41
36,12
36,24
37,7
37,12
37,15
38,12
38,16
38,41
39,41
40,12
40,16
40,24
41,4
41,7
42,12
43,0
43,6
43,9
44,0
44,26
45,0
45,12
46,0
47,12
47,24
48,0
48,7
49,12
49,24
50,6
50,7
50,12
51,12
51,16
51,41
52,0
53,12
54,0
54,26
55,7
55,9
56,7
56,9
56,22
57,7
57,22
58,0
58,7
59,41
60,0
60,16
61,7
62,0
62,4
62,9
63,7
63,12
63,24
64,26
64,41
65,7
65,24
66,7
66,12
66,16
67,7
67,9
67,26
68,12
69,7
69,24
70,0
70,7
71,6
71,12
72,4
72,7
73,0
73,4
73,7
74,0
74,12
75,10
75,22
76,12
76,13
77,7
77,22
78,10
78,20
79,0
79,12
80,12
80,24
81,0
81,7
82,0
82,6
83,0
83,7
84,7
84,24
85,7
86,0
86,6
87,7
87,16
88,12
88,16
89,12
89,15
90,0
90,7
90,16
91,7
91,12
91,16
92,8
92,17
92,34
93,7
93,12
93,16
94,0
94,14
94,16
95,12
95,16
95,41
96,7
96,16
96,22
97,7
97,16
98,7
98,16
99,7
99,16
99,26
100,12
100,15
100,16
101,0
101,16
101,22
102,12
102,16
102,22
103,12
103,16
103,22
104,14
104,16
105,14
105,16
106,0
106,12
106,16
107,7
107,12
107,15
108,7
108,12
108,16
109,12
109,15
109,24
110,0
111,14
112,4
112,12
113,0
113,12
114,12
114,15
114,24
115,12
115,16
115,24
116,7
116,12
116,16
117,7
117,15
118,6
118,12
118,15
119,0
120,8
120,17
120,34
121,17
121,25
121,28
122,30
123,0
123,1
123,4
124,7
124,16
125,12
125,15
125,16
126,7
126,24
127,12
127,16
128,7
128,12
128,15
129,7
129,16
129,24
130,0
130,7
131,38
132,7
132,12
132,16
133,14
133,15
133,16
134,4
134,22
135,0
135,7
135,16
136,7
136,9
136,16
137,10
138,6
138,12
138,16
139,12
139,16
140,14
141,21
142,12
142,15
142,24
143,12
143,16
144,17
144,25
144,33
145,4
145,7
146,4
146,7
147,0
147,26
148,0
149,12
150,4
150,7
150,26
151,0
151,14
151,26
152,6
152,7
152,9
153,12
153,24
154,12
154,41
155,7
155,24
156,0
156,26
156,41
157,12
157,15
158,7
159,12
160,4
160,7
160,12
161,4
161,7
162,0
162,7
163,4
163,7
163,26
164,7
165,12
165,29
166,0
166,12
166,26
167,0
167,7
167,9
168,7
168,12
169,14
170,0
170,7
171,12
171,41
172,0
173,12
173,15
173,41
174,41
175,30
176,7
176,24
177,7
177,16
177,24
178,0
178,16
179,8
179,32
179,37
180,0
180,16
181,12
181,16
181,41
182,0
182,12
183,4
183,29
184,12
184,24
185,4
186,4
187,12
188,12
188,16
188,41
189,7
189,12
189,15
190,12
190,16
190,24
191,0
192,12
192,16
192,41
193,12
193,15
193,41
194,12
195,12
195,24
196,12
196,24
197,12
197,24
198,12
198,24
199,0
199,12
199,24
200,7
200,12
200,16
201,4
201,7
201,29
202,14
202,16
203,12
203,15
204,0
204,7
205,4
205,7
205,26
206,7
206,16
207,7
207,12
207,24
208,12
208,24
209,7
209,22
210,0
210,16
211,12
211,16
211,24
212,8
212,17
212,34
213,16
213,24
214,12
214,16
215,12
215,16
216,12
216,16
216,24
217,12
217,16
218,12
218,16
219,12
219,16
220,7
220,12
220,16
221,12
221,16
222,16
222,24
222,41
223,12
223,16
223,41
224,0
224,9
224,16
225,14
225,16
225,41
226,14
226,26
227,0
228,0
229,0
229,7
230,7
231,0
231,7
231,26
232,7
232,12
232,15
233,0
233,7
234,0
234,41
235,4
235,7
236,12
236,16
236,24
237,7
237,12
237,16
238,4
238,7
239,4
239,7
240,7
240,12
240,24
241,12
241,13
241,16
242,12
242,24
243,0
243,6
243,7
244,0
244,26
245,7
245,12
246,7
246,24
247,7
248,12
248,24
249,12
249,16
250,12
250,24
251,7
251,24
252,4
252,7
253,0
253,26
254,4
254,7
255,7
255,12
255,15
256,0
256,7
256,29
257,12
257,41
258,12
259,41
260,0
260,4
260,6
261,0
261,4
261,12
262,4
262,12
263,12
264,0
265,12
265,16
266,14
266,41
267,0
268,0
268,24
269,0
269,14
269,26
270,0
270,14
270,26
271,0
271,14
271,26
272,12
272,16
272,41
273,12
273,24
273,26
274,12
274,22
274,24
275,0
275,7
276,41
277,12
278,10
278,16
279,12
279,16
280,0
281,14
282,12
282,16
283,7
283,12
283,16
284,7
284,12
284,16
285,7
285,12
285,16
286,16
286,22
286,24
287,8
287,34
287,36
288,3
288,11
289,12
290,7
290,16
290,24
291,7
291,12
291,15
292,12
292,15
292,16
293,12
294,7
294,12
294,15
295,10
295,16
295,29
296,12
296,15
297,12
297,16
297,41
298,10
299,7
299,15
300,0
301,10
302,23
303,38
304,14
305,7
305,12
305,16
306,4
306,12
306,16
307,2
307,8
307,35
308,4
308,7
309,7
309,14
310,12
310,16
311,12
311,16
312,12
312,15
312,24
313,16
313,41
314,12
314,41
315,7
315,12
315,16
316,12
316,15
316,16
317,0
317,7
317,26
318,12
318,15
319,12
319,16
319,24
320,10
321,25
321,33
321,34
322,7
322,16
322,24
323,7
323,16
323,24
324,0
324,16
325,30
326,7
326,12
326,16
327,10
327,16
327,22
328,12
328,16
328,41
329,12
329,13
329,24
330,12
330,15
330,20
331,0
332,7
332,15
332,20
333,0
333,9
333,26
334,12
334,24
335,7
335,16
335,22
336,7
336,12
336,15
337,0
337,12
338,0
339,41
340,10
341,0
341,12
342,7
342,12
342,24
343,7
343,24
344,7
344,12
344,16
345,9
345,14
346,12
347,7
347,12
347,15
348,12
348,29
349,12
349,15
349,20
350,0
350,12
350,29
351,0
352,2
352,25
352,40
353,14
353,41
354,0
355,0
355,7
356,0
356,6
356,9
357,0
358,7
358,24
359,41
360,7
360,12
360,15
361,7
361,12
361,24
362,0
362,6
363,12
363,24
363,41
364,14
365,7
365,12
365,15
366,41
367,30
368,12
369,4
369,12
369,13
370,14
370,16
370,41
371,30
372,12
372,15
372,16
373,12
373,16
373,29
374,4
374,7
374,26
375,12
375,16
375,22
376,0
376,14
377,12
377,16
378,4
378,7
379,0
379,12
380,41
381,10
382,7
382,12
382,16
383,12
383,15
383,26
384,12
384,15
384,16
385,7
385,15
385,16
386,12
386,16
386,41
387,34
388,12
388,16
388,41
389,4
389,7
390,7
390,12
390,16
391,14
391,16
391,41
392,12
392,41
393,15
393,16
393,41
394,12
394,15
394,16
395,12
395,15
395,16
396,12
396,16
396,41
397,12
397,16
398,15
398,41
399,12
399,16
399,41
400,0
401,0
401,12
401,16
402,12
402,16
403,12
403,15
403,16
404,12
405,12
405,16
405,24
406,10
407,12
407,16
407,41
408,0
409,10
409,12
410,12
410,15
410,41
411,4
411,7
412,0
412,12
413,0
413,29
414,0
414,7
415,7
416,0
417,4
417,12
418,12
418,15
419,4
419,7
420,12
420,41
421,0
421,12
421,29
422,0
423,12
423,16
424,0
424,26
425,12
425,41
426,7
427,0
427,26
428,12
428,16
428,26
429,7
429,24
430,0
430,7
431,12
431,41
432,4
432,7
433,0
434,7
434,15
434,24
435,12
435,15
435,16
436,14
437,7
437,16
438,12
439,0
439,26
440,41
441,12
441,16
442,12
442,15
442,16
443,7
443,16
444,7
444,16
445,7
445,16
445,24
446,7
446,16
447,7
447,16
448,0
448,7
448,16
449,7
449,12
449,16
450,10
450,16
450,22
451,7
451,16
452,7
452,16
452,24
453,7
453,16
453,24
454,17
454,25
454,33
455,7
455,16
456,7
456,16
457,12
457,15
457,16
458,12
458,16
458,24
459,7
459,12
459,16
460,14
460,16
460,41
461,12
461,16
461,41
462,12
462,16
462,41
463,7
463,16
464,41
465,12
466,0
466,7
466,16
467,12
467,16
468,7
468,16
468,22
469,12
469,16
469,22
470,10
470,16
471,7
471,12
471,15
472,12
472,16
473,12
473,15
473,16
474,4
474,7
474,22
475,4
476,14
476,24
476,26
477,12
477,16
478,4
478,7
478,12
479,12
479,16
479,24
480,0
480,12
480,16
481,41
482,12
483,0
483,26
484,7
484,12
484,16
485,10
485,22
486,0
486,1
486,14
487,11
488,41
489,12
489,16
489,20
490,12
490,15
491,10
491,22
492,9
492,12
492,22
493,12
493,16
493,41
494,17
494,34
494,40
495,12
495,16
495,24
496,0
496,1
496,16
497,7
498,12
498,16
499,12
499,16
499,41
500,7
500,14
500,16
501,0
501,7
502,12
503,12
503,16
503,24
504,7
504,12
504,16
505,12
505,16
506,14
506,41
507,4
507,7
507,26
508,7
509,0
509,12
509,16
510,4
510,7
510,12
511,12
511,15
512,0
513,12
513,13
513,16
514,16
514,41
515,7
515,16
515,24
516,12
516,16
517,7
517,24
518,4
518,7
519,0
519,26
520,7
520,12
520,16
521,7
521,16
521,29
522,14
522,41
523,0
523,14
524,0
524,26
525,7
525,24
526,12
526,16
527,0
528,6
528,22
529,0
529,16
530,0
530,12
530,16
531,0
532,0
532,26
533,0
534,12
534,16
534,24
535,0
535,16
535,22
536,12
536,15
536,16
537,14
537,41
538,0
539,12
539,16
539,41
540,10
541,7
541,24
542,12
543,10
543,16
543,29
544,10
545,4
546,12
546,16
547,12
548,4
548,13
548,22
549,12
549,15
549,41
550,12
550,16
551,7
551,16
552,7
552,12
552,16
553,12
553,16
553,24
554,4
554,7
555,30
556,17
556,19
556,31
557,12
557,15
557,16
558,12
558,16
559,14
559,16
560,0
561,0
561,16
562,7
562,16
562,24
563,41
564,0
564,7
564,16
565,30
566,0
567,30
568,12
568,16
569,12
569,16
569,41
570,10
571,12
571,22
572,30
573,12
573,41
574,12
574,16
574,24
575,4
575,12
576,7
576,16
577,7
577,12
577,16
578,12
578,16
579,12
579,16
580,7
580,16
580,24
581,7
581,16
581,24
582,4
582,7
583,7
583,12
583,15
584,12
584,15
584,16
585,12
585,16
586,14
586,15
587,8
587,17
587,32
588,12
588,15
588,16
589,7
589,12
589,15
590,7
590,12
590,16
591,7
591,16
592,0
592,12
592,16
593,7
593,16
593,24
594,0
595,12
595,24
596,7
596,12
596,22
597,12
598,0
598,7
598,16
599,10
599,22
600,0
600,6
600,12
601,7
601,16
602,4
602,7
603,6
603,12
604,7
604,9
604,22
605,4
605,7
606,7
606,12
606,15
607,7
607,16
607,24
608,12
608,15
608,16
609,0
610,7
610,12
610,15
611,16
611,41
612,12
612,15
612,16
613,16
613,41
614,12
614,16
614,24
615,16
615,41
616,30
617,12
617,16
618,14
618,41
619,14
620,7
620,12
620,15
621,12
621,41
622,7
622,20
622,41
623,12
623,15
623,16
624,17
624,34
625,7
625,12
625,15
626,14
627,4
628,0
628,7
628,12
629,4
629,7
629,12
630,41
631,7
631,12
631,16
632,12
632,15
632,20
633,30
634,12
634,16
634,24
635,7
635,24
636,4
637,7
637,12
637,16
638,12
638,16
638,24
639,12
639,15
639,24
640,16
640,41
641,7
641,16
641,24
642,10
642,22
643,7
643,16
644,12
644,24
645,7
645,12
646,0
646,16
647,30
648,12
648,15
648,16
649,12
649,16
650,12
650,15
651,0
651,12
651,16
652,12
652,16
652,24
653,0
653,16
654,7
654,12
654,16
655,0
655,16
656,12
656,13
656,16
657,0
657,7
658,12
659,41
660,12
660,16
660,41
661,17
661,25
661,33
662,4
662,26
663,12
663,13
664,14
665,0
665,16
666,4
666,7
667,12
667,16
668,4
668,12
668,16
669,10
669,16
669,29
670,7
670,12
670,15
671,4
671,12
672,12
672,16
673,7
673,16
673,20
674,12
674,41
675,12
676,7
677,12
678,12
679,41
680,0
681,12
681,26
682,14
683,12
683,15
684,4
684,7
684,12
685,0
686,4
686,7
687,4
688,41
689,12
689,16
690,10
691,12
691,16
691,20
692,12
692,16
693,7
693,12
693,16
694,12
694,41
695,16
695,41
696,3
696,25
696,34
697,7
697,12
697,16
698,12
698,16
699,7
699,16
699,24
700,4
700,7
701,12
701,16
702,12
702,15
702,16
703,2
703,17
703,28
704,12
704,16
705,4
705,7
706,12
707,10
707,16
707,29
708,0
708,7
708,16
709,7
709,24
709,29
710,0
710,7
710,16
711,7
712,14
712,41
713,30
714,4
714,12
714,29
715,12
715,15
716,4
716,7
717,10
718,0
718,12
718,15
719,0
720,7
721,7
721,12
721,15
722,18
723,10
724,0
724,41
725,7
725,16
726,6
726,12
726,15
727,12
727,20
728,7
728,12
728,16
729,0
729,12
729,13
730,7
730,12
730,16
731,14
731,16
732,12
733,4
733,7
734,7
735,12
735,16
736,4
737,7
737,12
737,16
738,16
738,24
739,4
739,7
740,7
740,12
740,16
741,4
741,12
741,16
742,12
742,16
742,24
743,0
743,7
743,15
744,12
745,12
745,16
745,20
746,12
746,24
747,30
748,22
749,4
749,7
750,10
750,22
751,7
752,7
752,16
753,30
754,12
755,7
756,12
756,22
757,4
757,7
757,12
758,17
758,34
759,12
759,15
759,16
760,12
760,16
760,24
761,7
761,12
761,16
762,0
763,12
763,16
763,24
764,7
764,16
764,24
765,16
765,24
766,31
766,33
767,11
767,17
768,12
768,16
768,20
769,14
769,41
770,12
771,12
771,41
772,30
773,12
773,15
773,29
774,12
774,15
775,7
775,24
776,10
777,7
777,20
777,22
778,12
778,16
778,29
779,12
779,20
780,16
780,24
781,12
781,16
781,24
782,7
782,16
782,20
783,12
783,15
783,16
784,7
784,12
784,16
785,10
785,16
786,4
786,7
787,4
788,12
788,41
789,0
789,12
790,17
790,34
790,35
791,4
792,4
792,7
793,7
793,16
793,41
794,12
794,15
795,4
795,12
796,12
796,16
796,24
797,7
797,12
797,16
798,7
798,16
799,7
799,12
799,16
800,30
801,7
801,12
801,16
802,0
803,4
804,41
805,7
805,15
806,12
806,16
806,24
807,4
807,7
808,7
809,0
810,0
811,41
812,0
812,7
813,14
813,16
814,12
814,16
815,41
816,4
817,0
818,4
819,4
819,10
820,14
820,16
821,0
821,16
822,16
822,41
823,7
823,16
823,20
824,30
825,0
825,12
825,16
826,7
826,16
826,24
827,14
828,22
829,4
829,7
830,14
830,16
830,41
831,17
831,25
831,33
832,4
832,7
833,12
834,12
834,16
835,0
836,10
836,22
837,0
837,7
837,16
838,4
838,22
839,0
840,16
840,41
841,4
842,4
842,7
843,12
843,16
844,0
844,7
844,16
845,7
845,16
845,22
846,12
846,16
846,24
847,16
847,24
848,16
848,41
849,0
849,12
849,16
850,12
850,16
850,41
851,4
851,7
851,12
852,7
852,12
852,16
853,7
853,16
854,12
854,16
855,30
856,12
856,24
857,22
857,24
858,4
858,7
859,24
860,4
860,6
860,7
861,41
862,4
862,7
863,4
863,22
864,12
864,16
865,8
865,17
865,28
866,16
866,24
867,12
867,16
867,24
868,12
868,15
869,7
869,12
869,16
870,12
870,16
870,20
871,14
872,17
872,23
873,12
873,16
874,12
874,16
875,12
875,16
876,12
876,15
876,16
877,7
878,12
878,20
878,24
879,12
879,16
879,24
880,7
880,24
881,12
881,16
881,24
882,4
882,7
882,24
883,7
883,12
883,24
884,12
884,16
885,30
886,12
886,16
887,26
887,41
888,4
888,7
889,4
890,4
891,4
892,4
892,7
893,0
894,12
894,15
894,41
895,12
895,41
896,12
897,0
897,12
897,29
898,7
898,29
899,11
899,17
900,0
900,12
900,16
901,12
901,15
901,41
902,14
902,15
903,12
903,16
904,14
904,16
905,12
905,16
905,41
906,14
906,16
907,14
907,16
908,7
908,24
909,22
910,14
910,16
911,7
912,17
912,25
912,36
913,7
913,16
913,22
914,0
914,12
914,15
915,12
915,22
916,7
916,16
916,20
917,4
917,22
918,12
918,41
919,14
919,16
920,12
920,16
920,24
921,7
921,12
921,22
922,12
922,16
922,24
923,12
923,15
924,7
924,12
924,15
925,10
925,16
926,12
926,24
926,41
927,4
928,0
928,14
929,6
929,12
929,16
930,12
930,16
930,22
931,7
931,12
931,16
932,10
932,16
933,12
933,15
933,16
934,6
934,12
934,15
935,10
935,16
936,12
936,16
937,12
937,16
937,24
938,12
938,15
938,16
939,12
939,15
939,16
940,12
940,16
941,7
941,16
941,24
942,10
942,16
943,12
943,16
944,4
944,7
945,0
946,7
946,16
946,24
947,0
948,8
948,17
948,28
949,12
950,14
950,41
951,4
952,0
953,0
953,7
953,16
954,12
954,16
955,12
955,16
955,24
956,0
956,16
956,24
957,10
957,22
958,16
958,24
958,41
959,4
960,7
960,12
960,16
961,9
961,12
961,16
962,7
962,16
962,24
963,7
963,16
964,12
964,16
965,14
966,7
966,16
966,24
967,7
967,16
968,7
968,12
968,15
969,10
969,16
969,22
970,12
970,16
971,7
971,14
972,17
972,34
972,36
973,7
974,10
974,22
975,4
976,12
976,24
977,10
978,10
978,20
979,12
979,16
979,29
980,7
980,16
980,24
981,12
981,16
982,7
982,12
982,16
983,14
983,16
983,41
984,7
984,16
984,24
985,7
985,14
986,7
986,16
986,24
987,0
987,7
987,16
988,12
988,41
989,10
989,20
990,0
990,12
990,16
991,0
991,12
992,0
992,7
992,12
993,10
993,22
994,7
994,15
994,16
995,0
995,12
996,12
996,41
997,12
997,16
998,12
998,16
998,41
999,12
999,20
1000,30
1001,0
1002,10
1002,16
1002,22
1003,12
1003,15
1003,16
1004,7
1004,12
1004,16
1005,7
1005,16
1005,22
1006,7
1006,16
1006,22
1007,7
1007,16
1007,24
1008,7
1008,16
1008,22
1009,12
1009,16
1009,24
1010,12
1010,16
1010,41
1011,7
1011,16
1011,22
1012,12
1012,15
1012,16
1013,0
1013,26
1013,29
1014,0
1014,4
1014,12
1015,10
1016,12
1016,16
1017,0
1017,16
1018,0
1018,16
1019,0
1019,16
1020,0
1020,16
1021,0
1021,16
1022,14
1022,16
1022,41
1023,7
1023,16
1024,0
1024,16
1025,12
1025,16
1025,24
1026,7
1026,16
1027,12
1027,16
1027,41
1028,12
1028,15
1028,16
1029,7
1029,16
1029,24
1030,16
1030,41
1031,10
1031,16
1031,22
1032,4
1032,7
1033,12
1033,15
1034,12
1034,41
1035,12
1035,16
1035,41
1036,0
1036,16
1037,3
1037,17
1037,34
1038,30
1039,12
1039,15
1039,24
1040,4
1040,7
1041,12
1041,16
1041,22
1042,4
1042,7
1042,12
1043,4
1044,4
1044,7
1045,12
1045,16
1045,41
1046,12
1046,16
1047,12
1047,16
1048,12
1048,16
1049,7
1049,12
1049,16
1050,4
1050,12
1050,16
1051,18
1051,33
1052,12
1052,16
1052,24
1053,7
1053,16
1053,24
1054,7
1054,12
1054,16
1055,7
1055,12
1055,16
1056,4
1057,12
1057,16
1057,41
1058,7
1058,14
1059,7
1059,12
1059,15
1060,12
1060,16
1061,7
1061,16
1061,22
1062,10
1063,14
1063,16
1063,41
1064,12
1064,15
1064,16
1065,12
1066,12
1066,15
1067,7
1067,12
1067,16
1068,7
1068,12
1068,15
1069,7
1069,16
1069,24
1070,30
1071,12
1071,15
1071,16
1072,7
1072,15
1072,24
1073,12
1073,15
1073,16
1074,4
1074,7
1075,10
1075,16
1075,22
1076,0
1076,12
1076,24
1077,16
1077,24
1078,4
1078,22
1079,1
1079,16
1080,0
1080,1
1080,16
1081,4
1081,7
1082,7
1083,7
1083,12
1083,16
1084,10
1084,16
1084,29
1085,4
1085,7
1086,12
1086,16
1086,29
1087,4
1087,7
1088,3
1088,5
1088,18
1089,4
1090,7
1090,16
1090,24
1091,0
1092,12
1093,0
1093,16
1094,16
1094,41
1095,7
1095,12
1095,15
1096,14
1096,16
1096,41
1097,12
1097,13
1098,12
1098,16
1098,20
1099,10
1100,12
1100,41
1101,12
1101,16
1101,41
1102,14
1102,15
1102,16
1103,0
1103,4
1103,7
1104,17
1104,35
1104,36
1105,7
1105,16
1106,12
1106,16
1107,7
1108,7
1108,12
1108,16
1109,7
1109,12
1109,16
1110,12
1110,16
1110,22
1111,0
1111,26
1112,7
1112,16
1112,22
1113,4
1113,7
1114,12
1114,15
1115,4
1116,0
1117,7
1117,12
1117,16
1118,12
1118,15
1119,12
1119,15
1119,41
1120,0
1120,12
1120,16
1121,4
1121,7
1121,26
1122,30
1123,12
1123,24
1124,14
1124,41
1125,7
1125,16
1126,10
1127,4
1128,7
1129,10
1129,16
1129,22
1130,10
1130,16
1130,29
1131,4
1131,7
1132,30
1133,7
1133,12
1133,15
1134,7
1135,0
1136,4
1137,12
1137,24
1138,20
1138,41
1139,4
1139,7
1140,12
1140,16
1140,41
1141,7
1141,16
1141,24
1142,4
1143,12
1143,16
1144,7
1144,12
1144,15
1145,7
1145,16
1145,24
1146,12
1146,16
1146,41
1147,12
1147,15
1147,16
1148,12
1148,16
1148,41
1149,7
1149,12
1149,15
1150,7
1150,16
1151,0
1151,16
1152,12
1152,15
1152,16
1153,4
1153,7
1154,4
1154,7
1155,12
1155,16
1156,16
1156,41
1157,12
1157,16
1157,24
1158,7
1158,24
1159,4
1159,7
1160,12
1160,16
1161,0
1161,12
1161,16
1162,30
1163,12
1163,16
1164,7
1164,16
1165,41
1166,7
1166,16
1166,24
1167,12
1167,16
1167,24
1168,12
1168,16
1168,41
1169,7
1169,16
1170,30
1171,12
1171,16
1172,7
1172,16
1173,0
1174,8
1174,17
1174,34
1175,10
1175,29
1176,10
1176,20
1177,7
1177,15
1178,4
1179,10
1179,29
1180,7
1180,16
1180,22
1181,0
1181,7
1181,12
1182,12
1182,16
1182,24
1183,12
1183,16
1184,0
1184,7
1184,12
1185,12
1185,15
1185,16
1186,7
1186,16
1186,22
1187,7
1187,12
1187,16
1188,12
1188,16
1188,41
1189,0
1189,12
1189,16
1190,0
1190,7
1190,16
1191,17
1191,25
1191,33
1192,12
1192,16
1192,24
1193,12
1193,16
1193,41
1194,12
1194,16
1194,29
1195,12
1195,15
1195,16
1196,7
1196,16
1196,24
1197,7
1197,12
1197,16
1198,7
1198,12
1198,16
1199,12
1199,15
1199,24
1200,12
1200,15
1200,16
1201,0
1201,16
1202,7
1202,12
1202,16
1203,7
1203,12
1203,16
1204,0
1204,12
1204,15
1205,12
1205,16
1205,41
1206,7
1206,12
1206,16
1207,7
1207,16
1208,7
1208,24
1209,12
1209,16
1210,10
1211,7
1211,12
1211,16
1212,30
1213,10
1213,16
1214,18
1215,12
1215,16
1216,0
1216,7
1216,16
1217,10
1217,22
1218,41
1219,7
1219,16
1220,0
1220,16
1220,24
1221,7
1222,0
1222,26
1223,7
1223,16
1223,24
1224,30
1225,0
1225,12
1225,16
1226,12
1226,16
1226,24
1227,10
1227,16
1228,4
1228,12
1228,15
1229,7
1229,22
1229,24
1230,7
1230,16
1230,24
1231,12
1231,15
1231,16
1232,12
1232,16
1233,16
1233,24
1234,0
1234,12
1234,16
1235,12
1235,16
1235,24
1236,14
1236,16
1237,12
1237,15
1237,16
1238,30
1239,12
1239,15
1239,16
1240,7
1240,16
1240,24
1241,12
1241,15
1241,41
1242,12
1242,16
1243,7
1243,12
1243,16
1244,12
1244,16
1245,4
1245,7
1245,12
1246,0
1246,12
1246,16
1247,12
1247,16
1247,24
1248,12
1248,16
1249,12
1249,16
1249,41
1250,1
1250,4
1250,16
1251,6
1251,12
1251,16
1252,6
1252,12
1252,16
1253,6
1253,12
1253,15
1254,6
1254,12
1254,16
1255,6
1255,12
1255,16
1256,7
1256,16
1257,10
1257,16
1257,22
1258,0
1258,6
1258,12
1259,12
1259,16
1259,24
1260,6
1260,12
1260,16
1261,6
1261,12
1261,16
1262,4
1262,7
1263,7
1263,15
1264,4
1264,12
1264,13
1265,12
1265,16
1266,14
1266,41
1267,4
1267,29
1268,0
1268,12
1268,16
1269,12
1269,16
1269,41
1270,12
1270,16
1271,12
1271,16
1271,24
1272,7
1272,12
1272,15
1273,0
1273,12
1274,30
1275,1
1275,4
1276,7
1276,12
1276,16
1277,7
1277,16
1278,32
1278,37
1279,7
1279,12
1279,15
1280,0
1280,16
1280,26
1281,12
1281,24
1282,12
1282,16
1282,24
1283,16
1283,41
1284,12
1284,15
1284,16
1285,12
1285,15
1286,12
1286,16
1287,7
1287,24
1288,12
1288,16
1289,7
1289,16
1290,5
1290,32
1290,35
1291,0
1291,12
1291,15
1292,12
1292,16
1292,24
1293,7
1293,16
1294,7
1294,16
1294,24
1295,7
1295,12
1295,15
1296,7
1296,16
1297,7
1297,12
1297,16
1298,7
1298,16
1299,7
1299,12
1299,16
1300,12
1300,16
1301,0
1301,7
1301,16
1302,7
1302,12
1302,16
1303,7
1303,16
1303,24
1304,14
1304,16
1305,7
1305,12
1305,15
1306,7
1306,16
1306,24
1307,7
1307,16
1308,0
1308,1
1308,4
1309,7
1309,12
1310,12
1311,12
1311,22
1311,24
1312,7
1312,12
1312,16
1313,30
1314,12
1314,16
1314,24
1315,7
1315,14
1315,16
1316,7
1316,14
1316,16
1317,12
1317,16
1317,41
1318,12
1318,15
1318,16
1319,30
1320,0
1320,7
1320,16
1321,32
1321,37
1322,12
1322,41
1323,12
1323,16
1324,12
1324,16
1324,22
1325,14
1325,16
1325,41
1326,1
1326,4
1327,0
1327,7
1327,24
1328,33
1329,12
1329,16
1329,24
1330,7
1330,12
1330,16
1331,7
1331,16
1331,24
1332,7
1332,12
1332,16
1333,7
1333,16
1333,24
1334,7
1334,12
1334,16
1335,7
1335,16
1336,12
1336,16
1337,22
1338,12
1338,15
1339,12
1339,15
1339,24
1340,7
1340,16
1341,7
1341,12
1341,15
1342,7
1342,16
1343,0
1343,16
1344,7
1344,16
1344,24
1345,7
1345,16
1346,7
1346,16
1347,7
1347,16
1348,31
1348,33
1349,7
1349,16
1349,24
1350,7
1350,16
1351,12
1351,15
1351,16
1352,7
1352,16
1352,24
1353,12
1353,16
1354,0
1354,7
1354,16
1355,12
1355,16
1356,7
1356,16
1356,24
1357,8
1357,17
1357,34
1358,8
1358,17
1358,34
1359,12
1359,16
1359,24
1360,12
1360,16
1360,24
1361,4
1361,12
1361,16
1362,0
1362,16
1362,24
1363,12
1363,15
1363,16
1364,16
1364,41
1365,7
1365,12
1365,16
1366,10
1366,16
1367,7
1367,24
1368,12
1368,16
1368,24
1369,7
1370,4
1370,7
1370,16
1371,0
1371,7
1371,9
1372,10
1373,12
1373,41
1374,12
1374,15
1374,16
1375,17
1375,34
1376,16
1376,26
1377,16
1377,26
1377,41
1378,17
1378,32
1378,33
1379,12
1379,16
1380,10
1381,30
1382,4
1382,7
1383,4
1383,7
1383,22
1384,12
1384,16
1385,17
1385,28
1385,33
1386,12
1386,29
1387,7
1387,16
1388,12
1388,29
1389,30
1390,4
1390,12
1390,24
1391,12
1391,15
1391,41
1392,12
1392,15
1393,10
1394,16
1394,41
1395,4
1396,4
1396,7
1397,7
1397,12
1397,16
1398,16
1398,41
1399,14
1399,16
1399,41
1400,7
1400,12
1400,20
1401,7
1401,24
1402,4
1402,7
1403,41
1404,7
1404,16
1404,24
1405,8
1405,17
1405,34
1406,8
1406,17
1406,34
1407,12
1407,16
1408,7
1408,12
1408,16
1409,0
1409,7
1409,12
1410,7
1410,12
1410,16
1411,0
1411,7
1411,16
1412,7
1412,16
1413,7
1413,12
1413,16
1414,7
1414,16
1414,22
1415,12
1415,15
1415,16
1416,7
1416,16
1417,7
1417,16
1418,0
1418,7
1418,16
1419,12
1419,13
1420,0
1420,7
1420,16
1421,7
1421,16
1422,12
1422,16
1422,24
1423,12
1423,15
1423,16
1424,0
1424,7
1424,16
1425,7
1425,12
1425,16
1426,10
1426,22
1427,7
1427,16
1428,7
1428,12
1428,15
1429,0
1429,16
1430,12
1430,16
1430,29
1431,12
1431,16
1432,7
1432,12
1432,16
1433,16
1433,41
1434,30
1435,7
1435,16
1436,7
1436,16
1437,12
1437,16
1438,16
1438,41
1439,16
1439,41
1440,12
1440,16
1441,16
1441,41
1442,4
1442,7
1443,33
1444,7
1444,12
1444,16
1445,7
1445,16
1446,12
1446,16
1446,41
1447,12
1447,16
1448,12
1448,15
1449,16
1449,41
1450,7
1450,12
1450,16
1451,17
1451,31
1451,33
1452,7
1453,4
1453,12
1453,22
1454,30
1455,7
1456,4
1456,7
1456,16
1457,12
1457,16
1457,24
1458,7
1458,12
1458,15
1459,12
1459,16
1459,24
1460,30
1461,12
1461,16
1462,7
1462,12
1462,16
1463,0
1463,15
1463,16
1464,7
1464,16
1464,24
1465,7
1465,12
1465,16
1466,4
1466,7
1466,29
1467,8
1467,17
1467,34
1468,12
1469,7
1469,12
1469,16
1470,0
1470,4
1470,26
1471,30
1472,12
1472,15
1473,12
1473,15
1474,14
1474,15
1474,26
1475,12
1475,15
1475,41
1476,0
1477,0
1477,7
1478,7
1478,12
1478,15
1479,1
1479,16
1479,26
1480,12
1480,16
1481,0
1481,12
1481,16
1482,4
1483,30
1484,7
1484,12
1484,16
1485,0
1485,12
1485,16
1486,7
1486,12
1486,16
1487,0
1487,12
1487,16
1488,7
1488,12
1488,16
1489,0
1489,12
1489,16
1490,7
1490,12
1490,16
1491,7
1491,16
1491,24
1492,14
1492,16
1492,41
1493,12
1493,16
1493,24
1494,12
1494,16
1495,7
1495,12
1495,16
1496,7
1496,12
1496,16
1497,7
1497,12
1497,16
1498,7
1498,16
1498,24
1499,0
1499,7
1499,12
1500,12
1500,15
1500,16
1501,4
1502,12
1502,15
1502,22
1503,7
1503,12
1503,16
1504,14
1504,15
1504,26
1505,4
1506,4
1506,12
1506,29
1507,12
1507,15
1507,29
1508,12
1508,15
1508,16
1509,41
1510,10
1510,29
1511,7
1511,12
1511,16
1512,0
1513,4
1513,7
1514,7
1514,12
1514,16
1515,0
1515,16
1516,10
1516,16
1517,4
1518,12
1518,15
1519,4
1520,12
1520,16
1520,24
1521,4
1521,10
1521,29
1522,12
1522,16
1523,15
1523,16
1523,41
1524,30
1525,12
1525,15
1525,16
1526,12
1526,16
1526,29
1527,15
1527,26
1527,41
1528,0
1528,1
1528,16
1529,7
1529,16
1530,12
1530,24
1531,1
1531,22
1531,26
1532,30
1533,7
1534,16
1534,41
1535,7
1535,16
1535,24
1536,7
1536,12
1536,16
1537,4
1537,12
1538,12
1538,15
1539,17
1539,19
1539,32
1540,12
1541,12
1541,16
1542,4
1543,30
1544,12
1544,16
1544,24
1545,12
1545,16
1546,12
1546,15
1546,16
1547,10
1547,22
1548,0
1548,7
1549,16
1549,41
1550,12
1550,16
1550,41
1551,7
1551,16
1551,20
1552,12
1552,16
1553,10
1553,22
1554,12
1554,16
1555,17
1555,25
1555,28
1556,15
1556,26
1556,41
1557,4
1557,7
1557,22
1558,30
1559,12
1559,15
1559,16
1560,12
1560,16
1561,12
1561,24
1562,30
1563,7
1563,12
1563,16
1564,12
1564,41
1565,4
1565,12
1566,7
1566,12
1566,22
1567,12
1567,16
1567,24
1568,12
1568,15
1569,10
1569,16
1570,12
1570,24
1571,0
1571,7
1571,12
1572,1
1572,4
1573,38
1574,12
1574,16
1574,24
1575,12
1575,16
1576,7
1576,12
1576,15
1577,12
1577,16
1578,16
1578,24
1579,30
1580,4
1580,12
1580,13
1581,14
1582,8
1582,11
1583,12
1583,15
1583,16
1584,16
1584,41
1585,12
1585,41
1586,12
1586,16
1587,7
1587,16
1587,22
1588,12
1588,24
1589,12
1589,15
1590,0
1590,7
1590,24
1591,17
1591,34
1592,12
1592,41
1593,14
1593,15
1594,4
1594,7
1595,12
1595,16
1595,24
1596,7
1596,12
1596,15
1597,7
1597,16
1597,24
1598,7
1598,16
1598,22
1599,12
1599,16
1599,24
1600,7
1600,16
1601,0
1601,1
1601,4
1602,8
1602,17
1602,34
1603,7
1603,16
1603,24
1604,7
1604,24
1605,12
1605,15
1605,41
1606,12
1606,16
1606,24
1607,12
1607,15
1607,41
1608,14
1609,12
1609,16
1609,41
1610,7
1610,12
1610,16
1611,12
1611,16
1612,12
1612,15
1613,12
1613,16
1613,29
1614,12
1615,10
1616,8
1616,32
1617,10
1617,29
1618,0
1618,26
1619,7
1619,13
1619,24
1620,30
1621,16
1621,41
1622,12
1622,16
1622,41
1623,7
1623,12
1623,15
1624,6
1624,12
1624,16
1625,21
1626,7
1626,16
1626,24
1627,18
1627,32
1628,4
1628,7
1628,16
1629,0
1629,14
1629,26
1630,12
1630,16
1630,22
1631,12
1631,16
1632,12
1632,16
1633,7
1633,12
1633,15
1634,10
1634,22
1635,30
1636,12
1636,16
1637,7
1637,16
1637,24
1638,7
1638,12
1638,15
1639,30
1640,12
1640,15
1641,12
1641,15
1641,16
1642,16
1642,41
1643,7
1643,16
1643,24
1644,30
1645,17
1645,34
1645,36
1646,7
1646,12
1646,16
1647,30
1648,7
1648,12
1648,15
1649,7
1649,12
1649,16
1650,12
1650,15
1651,12
1651,15
1652,12
1652,41
1653,14
1654,4
1654,7
1655,12
1655,15
1656,12
1656,16
1656,41
1657,0
1657,1
1657,4
1658,12
1659,12
1659,15
1659,16
1660,12
1660,16
1660,41
1661,16
1661,26
1661,41
1662,0
1662,15
1663,30
1664,0
1664,12
1664,16
1665,10
1666,7
1666,12
1666,16
1667,8
1667,17
1667,34
1668,0
1668,12
1668,15
1669,0
1669,7
1670,12
1670,15
1671,7
1671,12
1671,16
1672,7
1672,16
1672,24
1673,12
1673,16
1673,24
1674,12
1674,16
1675,7
1675,16
1676,4
1676,7
1677,4
1677,7
1678,4
1678,7
1679,14
1679,16
1679,41
1680,30
1681,4
1681,7
1681,26
1682,12
1682,16
1682,26
1683,1
1683,4
1684,12
1684,16
1684,24
1685,7
1686,14
1686,16
1686,41
1687,12
1687,15
1687,16
1688,7
1688,29
1689,7
1690,12
1690,16
1691,0
1691,7
1691,16
1692,10
1692,16
1693,12
1693,15
1693,16
1694,8
1694,25
1694,34
1695,0
1695,14
1695,26
1696,1
1696,24
1697,4
1697,7
1698,0
1698,12
1699,0
1699,7
1699,16
1700,14
1700,26
1700,41
1701,7
1701,16
1701,22
1702,4
1702,7
1703,41
1704,4
1704,29
1705,7
1705,16
1706,12
1706,16
1706,24
1707,12
1707,16
1707,24
1708,12
1709,30
1710,7
1710,12
1710,15
1711,12
1711,15
1711,16
1712,7
1712,12
1712,16
1713,17
1713,34
1714,7
1714,12
1714,16
1715,7
1715,12
1715,16
1716,0
1716,16
1717,0
1717,16
1717,22
1718,0
1718,7
1718,12
1719,16
1719,41
1720,2
1720,17
1721,7
1721,12
1721,16
1722,7
1722,16
1722,24
1723,12
1723,16
1723,41
1724,0
1724,12
1724,16
1725,12
1725,16
1725,24
1726,7
1726,12
1726,16
1727,12
1727,16
1727,22
1728,12
1728,16
1728,41
1729,7
1729,12
1729,16
1730,0
1730,12
1731,7
1731,16
1732,7
1732,16
1732,24
1733,16
1733,41
1734,30
1735,12
1735,16
1736,7
1736,16
1737,30
1738,4
1738,7
1739,14
1739,15
1740,0
1740,16
1741,12
1741,13
1741,16
1742,7
1742,16
1743,12
1744,0
1744,1
1744,16
1745,12
1745,16
1746,17
1746,34
1746,36
1747,7
1747,12
1747,16
1748,7
1748,12
1748,16
1749,4
1749,12
1749,24
1750,30
1751,4
1751,7
1751,22
1752,7
1752,16
1752,24
1753,12
1753,41
1754,12
1754,16
1754,41
1755,7
1755,16
1755,24
1756,12
1756,16
1756,24
1757,7
1757,12
1757,16
1758,12
1758,16
1758,24
1759,4
1759,12
1759,16
1760,7
1760,12
1760,16
1761,10
1761,16
1761,22
1762,12
1762,16
1762,41
1763,10
1763,16
1764,7
1764,12
1764,16
1765,12
1765,15
1765,16
1766,7
1766,16
1766,41
1767,12
1767,15
1767,16
1768,12
1768,16
1769,7
1769,15
1769,16
1770,0
1770,7
1770,16
1771,12
1771,16
1771,41
1772,4
1772,12
1773,0
1773,12
1774,7
1774,16
1774,24
1775,12
1775,15
1776,12
1777,30
1778,4
1779,0
1779,12
1779,16
1780,12
1780,41
1781,12
1781,15
1781,16
1782,0
1782,1
1782,16
1783,10
1783,29
1784,4
1784,7
1784,24
1785,10
1786,12
1786,16
1786,24
1787,10
1787,16
1787,29
1788,12
1788,15
1788,16
1789,30
1790,30
1791,12
1791,16
1792,14
1792,15
1793,12
1793,24
1794,10
1794,16
1795,4
1795,22
1796,0
1796,12
1796,16
1797,7
1797,15
1797,16
1798,1
1798,22
1799,4
1799,7
1800,10
1800,16
1801,1
1801,16
1801,24
1802,30
1803,30
1804,12
1804,15
1804,20
1805,7
1805,12
1805,20
1806,0
1806,12
1806,16
1807,16
1807,41
1808,12
1809,0
1809,12
1809,16
1810,4
1810,7
1810,22
1811,30
1812,7
1812,12
1812,15
1813,12
1813,16
1813,24
1814,7
1815,10
1816,12
1816,16
1816,41
1817,4
1817,7
1818,4
1818,7
1818,22
1819,4
1820,4
1820,7
1821,4
1821,7
1822,4
1823,4
1823,7
1824,4
1824,7
1825,4
1825,7
1826,7
1826,16
1827,12
1828,12
1829,7
1830,0
1830,16
1831,4
1831,12
1831,24
1832,4
1832,7
1832,24
1833,4
1833,7
1833,24
1834,12
1835,12
1835,16
1836,10
1836,16
1836,22
1837,30
1838,8
1838,17
1838,32
1839,17
1839,19
1839,25
1840,12
1840,16
1840,24
1841,30
1842,10
1842,16
1842,29
1843,12
1843,16
1843,41
1844,7
1844,12
1845,14
1845,15
1845,41
1846,7
1846,12
1846,16
1847,10
1847,22
1848,14
1848,16
1849,10
1850,0
1850,16
1851,10
1851,30
1852,0
1852,7
1852,15
1853,12
1853,16
1853,41
1854,7
1854,16
1854,24
1855,14
1856,7
1856,16
1856,24
1857,7
1857,12
1857,16
1858,0
1858,12
1858,16
1859,7
1859,12
1860,12
1860,16
1861,7
1861,12
1861,16
1862,12
1862,13
1862,16
1863,30
1864,14
1865,10
1865,29
1866,8
1866,17
1866,34
1867,30
1868,12
1868,16
1869,7
1869,16
1869,24
1870,12
1870,41
1871,41
1872,12
1872,16
1873,12
1873,16
1873,41
1874,14
1874,16
1875,12
1875,24
1876,12
1876,41
1877,30
1878,12
1878,16
1878,24
1879,12
1879,15
1879,16
1880,7
1880,16
1880,24
1881,14
1881,41
1882,4
1882,7
1883,4
1884,7
1884,16
1884,24
1885,17
1885,19
1885,25
1886,12
1886,16
1886,24
1887,30
1888,4
1888,7
1889,4
1889,7
1890,7
1890,12
1890,15
1891,8
1891,32
1891,34
1892,30
1893,12
1893,16
1894,7
1894,16
1895,12
1895,26
1895,41
1896,12
1896,16
1896,24
1897,0
1897,12
1897,16
1898,0
1899,30
1900,7
1900,12
1900,16
1901,7
1901,15
1901,16
1902,12
1902,15
1902,16
1903,7
1904,3
1904,8
1904,17
1905,17
1905,33
1905,34
1906,7
1906,16
1907,12
1907,16
1907,24
1908,0
1909,30
1910,10
1910,16
1910,22
1911,10
1912,7
1912,16
1912,22
1913,10
1913,16
1914,10
1915,7
1915,16
1916,12
1916,16
1916,24
1917,4
1917,7
1917,24
1918,30
1919,12
1919,16
1919,41
1920,7
1920,12
1920,15
1921,7
1921,15
1921,16
1922,7
1922,16
1922,24
1923,12
1923,15
1923,16
1924,7
1924,12
1924,16
1925,2
1925,17
1926,12
1926,15
1926,16
1927,4
1928,7
1928,16
1929,7
1929,16
1930,4
1930,7
1930,12
1931,16
1931,41
1932,7
1932,24
1933,12
1933,13
1933,16
1934,10
1934,22
1935,30
1936,7
1936,16
1937,7
1937,12
1937,16
1938,7
1938,16
1939,16
1939,22
1940,12
1940,15
1940,16
1941,14
1941,16
1941,41
1942,16
1942,24
1943,30
1944,26
1944,41
1945,7
1946,7
1946,16
1947,8
1947,17
1947,34
1948,17
1948,34
1948,39
1949,30
1950,12
1950,16
1951,7
1951,16
1951,22
1952,10
1952,29
1953,12
1953,15
1953,16
1954,4
1954,7
1954,20
1955,11
1956,17
1956,19
1956,25
1957,17
1957,19
1957,25
1958,16
1958,41
1959,30
1960,7
1960,12
1960,16
1961,30
1962,30
1963,30
1964,10
1964,16
1965,12
1965,16
1966,4
1966,7
1966,16
1967,12
1967,16
1968,12
1968,15
1968,16
1969,12
1969,41
1970,12
1970,15
1970,16
1971,14
1971,16
1972,7
1972,14
1972,16
1973,12
1973,15
1973,16
1974,30
1975,30
1976,0
1976,9
1976,16
1977,7
1977,16
1978,0
1978,7
1978,16
1979,0
1979,16
1980,7
1980,16
1981,31
1981,33
1982,41
1983,0
1983,12
1983,16
1984,12
1984,16
1985,7
1986,7
1986,12
1986,15
1987,12
1987,15
1987,16
1988,12
1988,16
1988,41
1989,0
1990,30
1991,30
1992,14
1992,16
1992,24
1993,12
1993,16
1993,41
1994,7
1994,12
1994,16
1995,10
1995,16
1996,0
1996,16
1996,26
1997,12
1997,15
1997,22
1998,30
1999,16
1999,22
1999,41
2000,30
2001,0
2001,16
2002,12
2002,15
2002,16
2003,17
2003,25
2003,28
2004,0
2004,1
2004,16
2005,0
2005,1
2005,16
2006,14
2006,15
2006,16
2007,12
2007,16
2007,41
2008,12
2008,15
2008,22
2009,30
2010,41
2011,7
2011,12
2011,15
2012,7
2012,16
2012,24
2013,12
2013,15
2013,16
2014,4
2014,7
2015,7
2016,10
2017,14
2017,16
2018,30
2019,10
2019,22
2020,12
2020,15
2020,16
2021,12
2021,16
2021,20
2022,16
2022,26
2022,41
2023,7
2023,16
2023,24
2024,4
2025,4
2025,12
2025,16
2026,7
2026,14
2026,15
2027,10
2027,22
2028,12
2028,16
2029,1
2029,16
2030,12
2030,16
2030,26
2031,30
2032,12
2032,16
2033,12
2033,15
2033,16
2034,7
2034,16
2035,0
2035,16
2035,29
2036,7
2036,12
2036,15
2037,12
2037,16
2038,7
2038,12
2038,16
2039,16
2039,41
2040,12
2040,15
2040,16
2041,0
2041,15
2041,26
2042,14
2042,20
2042,22
2043,0
2043,7
2043,16
2044,30
2045,0
2045,16
2046,30
2047,12
2047,26
2047,41
2048,4
2048,12
2049,12
2049,15
2049,16
2050,4
2050,7
2051,12
2051,15
2051,16
2052,0
2052,12
2053,4
2053,7
2054,10
2055,12
2055,15
2055,16
2056,12
2056,15
2056,16
2057,0
2057,7
2057,12
2058,7
2058,12
2058,16
2059,7
2060,0
2060,12
2060,16
2061,16
2061,26
2062,8
2062,17
2062,28
2063,7
2063,16
2063,24
2064,12
2064,15
2065,12
2065,16
2065,41
2066,7
2066,24
2067,7
2067,12
2067,16
2068,0
2069,10
2069,22
2070,10
2071,14
2071,16
2072,7
2072,12
2072,16
2073,7
2073,16
2074,30
2075,12
2075,15
2075,16
2076,7
2076,16
2076,24
2077,7
2077,12
2077,16
2078,7
2078,12
2078,16
2079,12
2079,16
2080,12
2080,15
2080,16
2081,7
2081,24
2082,12
2082,16
2083,12
2083,15
2083,16
2084,30
2085,7
2085,12
2085,16
2086,7
2086,12
2086,16
2087,16
2087,22
2087,41
2088,12
2088,16
2088,24
2089,7
2089,16
2089,22
2090,7
2090,16
2090,24
2091,12
2091,16
2091,26
2092,12
2092,16
2092,24
2093,0
2093,7
2093,12
2094,14
2095,12
2095,16
2096,14
2096,16
2097,14
2097,16
2098,7
2098,24
2099,17
2099,19
2099,34
2100,30
2101,14
2101,41
2102,12
2102,16
2102,22
2103,0
2103,26
2104,0
2104,7
2104,12
2105,7
2105,12
2105,15
2106,14
2106,16
2107,7
2107,12
2107,16
2108,12
2108,16
2109,30
2110,16
2110,24
2110,26
2111,12
2111,15
2111,16
2112,7
2113,14
2114,12
2114,15
2114,16
2115,7
2115,12
2115,15
2116,12
2116,16
2116,29
2117,12
2118,14
2118,16
2119,12
2119,16
2119,24
2120,30
2121,0
2121,7
2121,12
2122,0
2122,7
2122,16
2123,0
2123,7
2123,16
2124,12
2124,16
2124,26
2125,7
2125,12
2125,22
2126,0
2126,7
2126,16
2127,0
2127,7
2127,16
2128,7
2128,12
2128,16
2129,12
2129,16
2129,24
2130,16
2130,24
2131,10
2131,16
2131,29
2132,12
2132,15
2132,16
2133,30
2134,7
2134,12
2134,15
2135,7
2135,12
2135,16
2136,0
2136,16
2137,30
2138,12
2138,16
2138,20
2139,30
2140,30
2141,30
2142,30
2143,10
2143,29
2144,0
2144,12
2144,16
2145,12
2145,16
2145,24
2146,12
2146,16
2146,24
2147,7
2147,12
2147,16
2148,16
2148,24
2149,7
2149,12
2149,16
2150,0
2151,0
2151,7
2151,16
2152,12
2152,15
2152,24
2153,12
2153,15
2153,16
2154,4
2154,12
2155,7
2155,12
2155,24
2156,7
2156,16
2157,12
2157,16
2157,24
2158,12
2158,16
2158,24
2159,12
2159,16
2159,24
2160,0
2161,12
2161,16
2161,24
2162,12
2162,16
2162,24
2163,12
2163,16
2164,10
2164,16
2164,29
2165,7
2165,16
2166,4
2166,7
2167,14
2167,16
2167,41
2168,4
2168,7
2169,4
2169,12
2169,15
2170,0
2170,16
2171,4
2172,12
2172,16
2172,41
2173,12
2173,15
2173,16
2174,12
2174,16
2174,24
2175,0
2175,7
2175,16
2176,7
2176,16
2176,24
2177,7
2177,12
2177,16
2178,12
2178,15
2178,16
2179,7
2179,12
2179,16
2180,7
2180,16
2180,24
2181,7
2181,12
2181,16
2182,12
2182,16
2182,24
2183,12
2183,16
2183,22
2184,12
2184,16
2184,24
2185,30
2186,12
2186,15
2186,16
2187,12
2187,16
2188,30
2189,12
2189,16
2190,7
2190,12
2190,15
2191,12
2191,15
2191,16
2192,12
2192,15
2192,16
2193,12
2193,16
2193,41
2194,30
2195,10
2195,20
2196,12
2196,15
2196,16
2197,0
2197,12
2197,16
2198,12
2198,16
2198,26
2199,12
2199,15
2199,16
2200,7
2200,12
2200,15
2201,12
2201,15
2201,16
2202,12
2202,16
2203,7
2203,12
2203,16
2204,17
2204,33
2204,34
2205,12
2205,16
2205,24
2206,7
2206,16
2206,24
2207,12
2207,16
2208,7
2208,15
2208,16
2209,7
2209,16
2209,24
2210,7
2210,16
2211,30
2212,12
2212,29
2213,4
2213,7
2214,10
2214,22
2215,12
2215,15
2215,16
2216,30
2217,14
2217,26
2218,12
2218,15
2218,16
2219,7
2219,12
2219,16
2220,21
2221,4
2222,12
2222,41
2223,7
2223,14
2223,16
2224,7
2224,12
2224,16
2225,12
2225,16
2225,22
2226,12
2226,15
2226,16
2227,12
2227,16
2228,12
2228,16
2228,26
2229,12
2229,16
2229,24
2230,12
2230,15
2230,16
2231,12
2231,16
2232,12
2232,13
2232,16
2233,12
2233,13
2233,16
2234,12
2234,16
2235,14
2235,16
2236,7
2236,16
2237,12
2237,16
2237,22
2238,8
2238,17
2238,34
2239,12
2239,26
2240,10
2240,16
2241,10
2241,16
2242,12
2242,15
2242,16
2243,12
2243,16
2244,16
2244,41
2245,0
2245,12
2245,16
2246,14
2246,16
2247,0
2247,16
2248,30
2249,14
2249,16
2250,14
2250,16
2251,12
2251,16
2252,7
2252,12
2252,16
2253,12
2253,15
2253,16
2254,7
2254,12
2255,0
2255,1
2255,16
2256,7
2256,12
2256,16
2257,12
2257,15
2257,16
2258,14
2258,16
2258,24
2259,12
2259,15
2259,16
2260,7
2260,12
2260,15
2261,0
2261,6
2261,7
2262,7
2262,16
2262,22
2263,12
2263,15
2263,16
2264,30
2265,1
2265,4
2266,16
2266,41
2267,12
2267,15
2267,16
2268,30
2269,30
2270,30
2271,30
2272,30
2273,30
2274,30
2275,30
2276,0
2276,1
2276,16
2277,30
2278,22
2278,30
2279,22
2279,30
2280,30
2281,30
2282,12
2282,16
2283,0
2283,7
2283,12
2284,12
2284,16
2284,41
2285,3
2285,17
2285,32
2286,7
2286,12
2286,16
2287,12
2287,26
2287,41
2288,14
2288,16
2289,21
2290,0
2290,16
2291,16
2291,41
2292,12
2292,16
2292,41
2293,12
2293,15
2293,16
2294,31
2294,33
2295,12
2295,15
2295,16
2296,4
2296,7
2297,7
2297,12
2297,16
2298,4
2298,7
2299,12
2299,41
2300,7
2300,12
2301,22
2302,12
2302,24
2303,4
2303,26
2304,7
2304,12
2304,16
2305,10
2305,22
2306,10
2306,22
2307,12
2307,16
2307,41
2308,12
2308,15
2308,16
2309,30
2310,7
2310,16
2311,7
2311,12
2311,15
2312,0
2312,4
2312,12
2313,17
2313,34
2314,10
2315,0
2315,7
2315,16
2316,12
2316,16
2316,24
2317,16
2317,41
2318,12
2318,16
2318,24
2319,0
2319,7
2319,16
2320,7
2320,16
2320,24
2321,7
2321,12
2321,16
2322,12
2322,16
2323,7
2323,16
2323,24
2324,7
2324,16
2324,24
2325,0
2325,12
2325,16
2326,0
2326,16
2327,0
2327,12
2327,16
2328,7
2328,16
2328,24
2329,0
2329,7
2329,16
2330,12
2330,15
2330,16
2331,7
2331,16
2332,12
2332,16
2333,4
2333,12
2333,24
2334,4
2335,12
2335,16
2336,12
2336,15
2336,16
2337,12
2337,15
2337,16
2338,7
2338,12
2338,16
2339,0
2339,7
2339,16
2340,12
2340,15
2340,16
2341,4
2342,4
2342,7
2343,7
2343,16
2344,4
2344,7
2345,14
2345,16
2346,7
2346,14
2346,16
2347,30
2348,10
2349,14
2349,15
2349,41
2350,7
2350,12
2350,16
2351,7
2351,12
2352,12
2352,15
2352,16
2353,7
2353,16
2353,24
2354,7
2354,12
2354,15
2355,14
2355,16
2356,7
2356,15
2356,16
2357,14
2357,16
2358,12
2358,16
2359,0
2359,16
2360,7
2360,16
2360,24
2361,7
2361,16
2362,0
2362,12
2363,12
2363,16
2364,7
2364,16
2364,20
2365,12
2365,24
2366,6
2366,12
2366,15
2367,10
2368,7
2368,16
2368,22
2369,16
2369,41
2370,12
2370,16
2370,22
2371,12
2371,16
2372,0
2372,12
2372,16
2373,12
2373,16
2373,22
2374,7
2374,12
2374,16
2375,7
2375,12
2375,16
2376,16
2376,24
2377,7
2377,12
2377,16
2378,12
2378,16
2378,22
2379,7
2379,16
2379,22
2380,7
2380,16
2381,15
2381,41
2382,30
2383,12
2383,16
2383,41
2384,7
2384,16
2384,41
2385,16
2385,41
2386,7
2386,12
2386,16
2387,12
2387,16
2388,0
2388,7
2388,16
2389,7
2389,16
2389,22
2390,7
2390,16
2390,22
2391,12
2391,16
2391,29
2392,7
2392,16
2392,22
2393,30
2394,7
2394,12
2394,16
2395,12
2395,16
2395,22
2396,30
2397,12
2397,16
2398,7
2398,16
2398,22
2399,12
2399,16
2400,7
2400,12
2400,16
2401,0
2401,12
2401,16
2402,12
2402,16
2402,41
2403,12
2403,16
2403,22
2404,7
2404,16
2404,22
2405,12
2405,16
2405,41
2406,30
2407,10
2407,20
2408,12
2408,15
2408,16
2409,7
2409,12
2409,16
2410,4
2410,12
2411,12
2411,16
2411,41
2412,12
2412,16
2413,0
2413,16
2414,12
2414,16
2415,7
2415,12
2415,16
2416,12
2416,16
2416,41
2417,10
2418,30
2419,0
2419,26
2420,7
2420,16
2420,24
2421,21
2422,4
2422,7
2423,0
2423,16
2423,26
2424,12
2424,16
2425,0
2425,16
2426,0
2426,16
2427,12
2427,16
2427,41
2428,30
2429,12
2429,16
2430,12
2430,16
2431,12
2431,16
2431,29
2432,14
2432,16
2432,41
2433,14
2433,16
2433,26
2434,14
2434,16
2435,12
2435,15
2436,12
2436,41
2437,9
2437,14
2437,15
2438,30
2439,0
2439,12
2439,16
2440,14
2441,14
2441,41
2442,7
2442,12
2442,15
2443,12
2443,16
2444,14
2445,0
2446,7
2446,22
2447,7
2448,7
2448,10
2449,7
2450,10
2451,6
2451,7
2451,9
2452,7
2453,0
2453,12
2453,16
2454,4
2455,14
2455,16
2456,0
2456,12
2456,16
2457,12
2457,16
2457,29
2458,12
2458,16
2459,12
2459,16
2459,24
2460,16
2460,22
2460,24
2461,7
2461,16
2461,24
2462,12
2462,16
2462,22
2463,7
2463,16
2463,22
2464,12
2464,16
2465,0
2465,7
2465,16
2466,7
2466,12
2466,16
2467,0
2467,12
2467,16
2468,7
2468,12
2468,16
2469,12
2469,16
2469,22
2470,12
2470,16
2470,29
2471,7
2471,16
2471,24
2472,0
2472,12
2472,16
2473,7
2473,12
2473,16
2474,16
2474,41
2475,12
2475,16
2476,7
2476,16
2476,24
2477,7
2477,12
2477,16
2478,7
2478,12
2478,16
2479,7
2479,16
2480,0
2480,16
2481,0
2481,16
2482,7
2482,16
2482,26
2483,4
2484,4
2485,7
2485,12
2485,15
2486,0
2486,12
2486,16
2487,12
2487,16
2487,24
2488,7
2488,16
2488,22
2489,0
2489,12
2489,16
2490,7
2490,12
2490,15
2491,0
2491,16
2492,14
2492,16
2492,41
2493,7
2493,16
2493,22
2494,0
2494,16
2494,22
2495,0
2495,16
2495,22
2496,7
2496,12
2496,16
2497,7
2497,12
2497,16
2498,0
2498,16
2498,22
2499,7
2499,16
2499,22
2500,0
2500,12
2500,16
2501,12
2501,15
2501,16
2502,0
2502,16
2502,22
2503,7
2503,16
2503,24
2504,12
2504,16
2505,7
2505,16
2505,24
2506,12
2506,16
2506,24
2507,4
2507,12
2508,12
2508,15
2508,16
2509,0
2509,16
2509,26
2510,0
2510,12
2511,14
2511,16
2512,15
2512,16
2512,41
2513,10
2513,22
2514,12
2514,16
2514,41
2515,7
2515,12
2515,15
2516,12
2516,16
2517,12
2517,16
2518,4
2518,7
2518,26
2519,7
2519,24
2520,12
2520,16
2520,41
2521,7
2521,12
2521,16
2522,0
2523,8
2523,17
2523,34
2524,12
2524,16
2524,41
2525,12
2525,15
2525,16
2526,12
2526,15
2526,16
2527,12
2527,15
2527,16
2528,12
2528,15
2528,16
2529,12
2529,16
2529,29
2530,7
2530,16
2530,24
2531,0
2531,16
2532,7
2532,16
2532,24
2533,0
2533,16
2534,30
2535,17
2535,34
2535,35
2536,7
2537,17
2537,33
2537,34
2538,7
2538,22
2539,7
2539,12
2539,16
2540,0
2540,12
2540,16
2541,12
2541,16
2541,41
2542,12
2542,16
2542,24
2543,7
2543,12
2543,16
2544,7
2544,12
2544,16
2545,7
2545,16
2545,24
2546,30
2547,12
2547,16
2547,26
2548,7
2548,12
2548,15
2549,12
2549,24
2550,7
2551,10
2551,29
2552,12
2552,16
2552,41
2553,7
2553,12
2553,16
2554,0
2554,16
2555,7
2555,12
2555,16
2556,1
2556,16
2556,24
2557,7
2557,12
2558,12
2558,16
2558,41
2559,4
2559,7
2559,12
2560,12
2560,16
2561,12
2561,16
2561,24
2562,12
2562,16
2562,22
2563,12
2563,16
2564,12
2564,16
2564,24
2565,0
2565,12
2565,16
2566,7
2566,16
2566,22
2567,7
2567,16
2567,22
2568,16
2568,22
2568,24
2569,0
2569,12
2569,16
2570,12
2570,16
2570,41
2571,12
2571,16
2572,0
2572,7
2572,16
2573,12
2573,16
2573,24
2574,7
2574,16
2574,24
2575,7
2575,16
2575,24
2576,4
2576,12
2576,15
2577,10
2578,12
2578,15
2578,16
2579,21
2580,7
2581,7
2581,14
2581,16
2582,30
2583,0
2583,12
2583,26
2584,12
2584,16
2585,30
2586,16
2586,41
2587,4
2587,7
2588,12
2588,13
2588,16
2589,10
2589,16
2589,22
2590,0
2590,1
2590,16
2591,4
2591,12
2591,16
2592,0
2592,26
2593,30
2594,14
2594,15
2594,16
2595,17
2595,19
2595,25
2596,30
2597,0
2597,7
2597,12
2598,12
2598,15
2598,16
2599,4
2599,12
2600,30
2601,30
2602,30
2603,30
2604,7
2604,12
2604,16
2605,7
2605,12
2605,16
2606,30
2607,12
2607,16
2607,24
2608,7
2608,12
2608,16
2609,12
2609,15
2609,20
2610,4
2610,7
2610,12
2611,12
2611,16
2611,41
2612,7
2612,12
2612,16
2613,14
2613,16
2614,7
2614,12
2614,16
2615,12
2615,15
2615,16
2616,30
2617,14
2617,15
2617,16
2618,12
2618,16
2618,41
2619,30
2620,7
2620,12
2620,16
2621,26
2621,41
2622,30
2623,0
2623,1
2623,26
2624,7
2624,16
2624,20
2625,12
2625,15
2625,16
2626,12
2626,16
2626,24
2627,30
2628,7
2628,12
2628,16
2629,7
2629,16
2630,7
2630,24
2631,12
2631,15
2631,16
2632,12
2632,16
2633,7
2633,12
2633,15
2634,7
2634,15
2634,16
2635,30
2636,12
2636,16
2637,12
2637,16
2637,41
2638,12
2638,15
2639,10
2639,16
2639,29
2640,12
2640,16
2640,41
2641,30
2642,7
2642,24
2643,30
2644,30
2645,7
2645,16
2645,24
2646,30
2647,0
2647,12
2647,16
2648,0
2648,1
2648,6
2649,30
2650,7
2650,15
2651,30
2652,7
2652,24
2653,30
2654,7
2654,16
2655,14
2656,4
2656,7
2656,22
2657,12
2657,26
2657,41
2658,30
2659,12
2659,16
2660,7
2660,16
2660,24
2661,0
2661,16
2662,7
2662,12
2662,16
2663,7
2663,16
2664,0
2664,16
2665,12
2665,16
2666,0
2666,12
2666,15
2667,0
2667,15
2668,7
2668,16
2669,30
2670,7
2670,16
2670,24
2671,21
2672,12
2672,16
2673,7
2673,12
2673,15
2674,7
2674,16
2675,7
2675,16
2675,24
2676,12
2676,16
2677,4
2677,12
2677,24
2678,7
2678,16
2678,29
2679,7
2680,30
2681,10
2682,4
2683,0
2683,7
2683,16
2684,30
2685,7
2685,12
2685,15
2686,7
2686,12
2687,7
2687,12
2687,16
2688,0
2688,26
2689,12
2689,13
2689,15
2690,7
2690,16
2690,24
2691,12
2691,15
2691,16
2692,30
2693,12
2693,15
2694,12
2694,15
2694,29
2695,12
2695,16
2695,26
2696,10
2696,13
2697,30
2698,7
2698,12
2698,15
2699,30
2700,14
2700,15
2701,30
2702,12
2702,16
2702,41
2703,12
2703,16
2703,41
2704,12
2704,16
2705,30
2706,0
2706,7
2706,12
2707,12
2707,16
2707,41
2708,7
2708,12
2708,16
2709,12
2709,16
2709,24
2710,7
2710,12
2710,16
2711,0
2711,26
2712,12
2712,15
2712,29
2713,7
2713,24
2714,30
2715,12
2715,26
2715,41
2716,7
2716,9
2717,7
2717,9
2718,3
2718,17
2718,31
2719,12
2719,16
2719,41
2720,0
2720,7
2721,12
2721,16
2722,12
2722,15
2722,22
2723,12
2723,22
2724,12
2724,16
2724,22
2725,4
2725,12
2726,1
2726,4
2726,16
2727,7
2727,12
2727,16
2728,12
2728,16
2729,0
2729,12
2729,16
2730,30
2731,4
2732,2
2732,17
2733,12
2733,41
2734,16
2734,41
2735,30
2736,30
2737,30
2738,14
2738,16
2739,0
2739,15
2739,26
2740,12
2740,16
2740,24
2741,12
2741,16
2742,0
2742,7
2742,16
2743,12
2743,22
2743,24
2744,7
2744,16
2745,12
2745,16
2745,24
2746,7
2746,15
2746,16
2747,12
2747,16
2748,7
2748,16
2749,21
2750,21
2751,7
2751,9
2752,21
2753,7
2753,15
2753,16
2754,12
2754,16
2755,12
2755,16
2755,41
2756,30
2757,14
2757,16
2757,41
2758,26
2758,41
2759,12
2759,16
2759,41
2760,0
2760,12
2760,16
2761,30
2762,12
2762,24
2763,30
2764,7
2764,16
2764,24
2765,10
2766,14
2766,16
2766,41
2767,7
2767,24
2768,0
2768,26
2769,12
2769,16
2769,24
2770,7
2770,12
2770,16
2771,12
2771,15
2771,24
2772,10
2772,16
2773,30
2774,7
2774,12
2774,13
2775,7
2776,30
2777,30
2778,0
2778,16
2779,30
2780,30
2781,30
2782,7
2783,14
2783,41
2784,15
2784,16
2784,41
2785,30
2786,38
2787,0
2787,16
2787,26
2788,12
2788,16
2788,22
2789,4
2789,12
2789,29
2790,12
2790,16
2791,7
2791,15
2792,30
2793,14
2793,16
2793,41
2794,14
2794,41
2795,2
2795,17
2795,35
2796,7
2796,12
2796,15
2797,2
2797,17
2798,31
2798,33
2799,7
2799,16
2800,7
2800,16
2800,29
2801,0
2801,7
2801,12
2802,4
2802,22
2803,7
2803,15
2804,30
2805,14
2805,15
2805,41
2806,3
2806,11
2807,0
2807,26
2808,12
2808,16
2808,24
2809,4
2809,7
2810,10
2811,30
2812,12
2812,16
2812,24
2813,7
2813,12
2813,16
2814,7
2814,15
2815,7
2815,12
2815,16
2816,30
2817,7
2817,12
2818,0
2818,16
2819,12
2819,16
2819,22
2820,4
2820,7
2820,22
2821,30
2822,7
2822,16
2822,24
2823,14
2823,15
2824,4
2824,7
2825,4
2826,12
2826,15
2826,16
2827,18
2827,33
2828,16
2828,26
2828,41
2829,10
2830,7
2830,16
2831,12
2831,15
2831,16
2832,22
2833,4
2833,22
2834,30
2835,10
2836,4
2836,12
2836,24
2837,10
2838,12
2838,15
2839,30
2840,0
2840,7
2840,16
2841,2
2841,18
2842,30
2843,0
2843,16
2844,10
2845,12
2846,7
2846,12
2846,16
2847,0
2847,12
2847,16
2848,16
2848,41
2849,0
2849,12
2849,16
2850,4
2850,7
2851,0
2851,12
2851,16
2852,30
2853,10
2854,12
2854,24
2854,29
2855,4
2855,7
2856,10
2857,12
2857,15
2858,0
2858,41
2859,30
2860,12
2860,41
2861,0
2862,7
2862,16
2862,24
2863,30
2864,0
2864,16
2865,12
2865,16
2865,22
2866,10
2866,16
2867,7
2867,12
2867,16
2868,7
2868,12
2868,16
2869,12
2869,16
2870,30
2871,7
2871,14
2872,7
2872,12
2872,15
2873,7
2873,16
2873,24
2874,7
2874,15
2874,16
2875,30
2876,30
2877,12
2877,16
2877,41
2878,7
2878,16
2879,4
2879,7
2880,12
2880,16
2881,12
2881,15
2881,16
2882,14
2882,41
2883,12
2883,24
2884,12
2884,15
2884,16
2885,30
2886,7
2886,16
2887,7
2887,14
2887,16
2888,10
2888,22
2889,12
2889,15
2889,41
2890,30
2891,4
2892,12
2893,4
2893,10
2894,30
2895,7
2896,30
2897,7
2897,12
2898,30
2899,0
2899,16
2900,0
2900,1
2900,16
2901,0
2901,1
2901,16
2902,12
2902,15
2903,12
2903,16
2903,22
2904,0
2904,16
2905,7
2905,14
2906,7
2906,16
2906,22
2907,0
2907,12
2907,16
2908,0
2908,7
2908,16
2909,10
2909,16
2910,12
2910,16
2910,24
2911,7
2911,12
2911,16
2912,4
2912,7
2913,10
2913,16
2914,12
2914,16
2915,10
2915,16
2916,30
2917,15
2917,41
2918,16
2918,41
2919,14
2919,41
2920,30
2921,10
2921,29
2922,0
2922,26
2923,22
2923,30
2924,30
2925,7
2926,12
2927,12
2927,16
2928,7
2928,24
2929,14
2929,15
2930,0
2931,0
2931,12
2931,16
2932,0
2932,12
2932,16
2933,4
2934,0
2934,16
2934,26
2935,30
2936,10
2936,29
2937,15
2937,41
2938,16
2938,41
2939,7
2939,12
2939,16
2940,4
2940,7
2941,7
2941,15
2941,22
2942,4
2942,12
2942,29
2943,12
2943,15
2943,16
2944,7
2944,12
2944,16
2945,7
2945,15
2945,24
2946,30
2947,30
2948,31
2949,12
2949,16
2950,12
2950,16
2950,24
2951,4
2951,7
2952,12
2952,15
2953,30
2954,30
2955,17
2955,34
2955,40
2956,7
2956,15
2957,7
2957,12
2957,16
2958,17
2958,34
2958,36
2959,4
2959,12
2959,29
2960,12
2960,16
2960,22
2961,30
2962,6
2962,12
2962,16
2963,12
2963,15
2963,16
2964,7
2964,12
2964,16
2965,16
2965,41
2966,12
2966,16
2967,4
2967,7
2968,0
2968,7
2968,12
2969,30
2970,12
2970,20
2971,12
2971,41
2972,12
2972,16
2972,29
2973,4
2973,7
2974,30
2975,18
2976,7
2976,12
2976,16
2977,30
2978,10
2979,30
2980,8
2980,17
2980,19
2981,12
2981,15
2981,41
2982,4
2982,12
2982,22
2983,0
2983,16
2984,12
2984,16
2985,16
2985,26
2985,41
2986,12
2986,16
2986,22
2987,10
2988,7
2988,15
2989,10
2990,10
2991,12
2991,15
2991,16
2992,7
2992,12
2992,15
2993,7
2993,16
2993,24
2994,12
2994,16
2994,22
2995,0
2995,7
2995,16
2996,12
2996,16
2996,24
2997,12
2997,16
2998,12
2998,16
2998,41
2999,10
3000,30
3001,0
3001,12
3001,16
3002,0
3002,12
3002,16
3003,7
3003,12
3004,0
3004,16
3004,26
3005,0
3005,1
3005,16
3006,10
3006,16
3006,20
3007,30
3008,7
3008,16
3008,26
3009,7
3009,12
3009,16
3010,12
3010,15
3010,24
3011,12
3011,16
3011,22
3012,12
3012,16
3013,7
3014,10
3015,7
3015,9
3015,15
3016,4
3017,30
3018,7
3019,30
3020,4
3020,10
3021,30
3022,12
3022,15
3022,16
3023,12
3023,16
3023,24
3024,7
3024,12
3024,16
3025,7
3025,16
3026,12
3026,16
3026,41
3027,12
3027,16
3027,24
3028,12
3028,15
3028,16
3029,10
3029,16
3030,12
3030,16
3031,12
3032,12
3032,41
3033,7
3033,12
3033,16
3034,12
3034,16
3035,7
3035,16
3036,30
3037,0
3037,12
3037,15
3038,12
3038,15
3038,24
3039,30
3040,4
3040,22
3041,4
3041,22
3042,4
3042,22
3043,7
3043,12
3043,16
3044,7
3044,12
3044,16
3045,12
3045,16
3045,24
3046,7
3046,12
3046,16
3047,7
3048,7
3048,16
3048,20
3049,30
3050,7
3051,12
3051,16
3051,24
3052,7
3052,15
3052,24
3053,7
3053,12
3053,16
3054,12
3055,0
3055,9
3055,16
3056,12
3056,15
3057,12
3057,16
3058,0
3058,16
3058,22
3059,12
3059,16
3060,12
3060,16
3061,12
3061,16
3061,41
3062,3
3062,33
3063,12
3063,15
3063,24
3064,30
3065,30
3066,10
3067,12
3068,31
3068,33
3069,10
3070,7
3070,12
3070,15
3071,12
3071,16
3071,41
3072,6
3072,12
3072,15
3073,0
3073,12
3073,16
3074,0
3074,7
3074,16
3075,10
3075,12
3075,16
3076,0
3076,7
3076,12
3077,30
3078,12
3078,16
3078,29
3079,12
3079,15
3080,12
3080,16
3080,24
3081,30
3082,12
3082,16
3082,24
3083,30
3084,0
3084,16
3085,12
3085,16
3086,0
3086,16
3087,12
3087,15
3087,41
3088,30
3089,16
3089,41
3090,4
3090,10
3091,4
3091,22
3092,0
3092,16
3093,12
3093,15
3093,16
3094,16
3094,41
3095,12
3095,16
3096,7
3096,15
3097,30
3098,7
3098,16
3098,22
3099,7
3099,22
3099,24
3100,30
3101,12
3102,0
3102,12
3102,16
3103,0
3103,7
3103,12
3104,12
3104,15
3104,16
3105,0
3105,7
3105,16
3106,12
3106,16
3106,24
3107,4
3107,7
3108,30
3109,12
3109,16
3110,7
3110,16
3111,16
3111,26
3111,41
3112,12
3112,16
3113,30
3114,30
3115,12
3115,16
3116,7
3117,30
3118,12
3118,16
3118,22
3119,12
3119,16
3120,16
3120,41
3121,12
3121,16
3122,14
3122,41
3123,7
3123,12
3123,16
3124,30
3125,14
3125,16
3125,41
3126,4
3126,12
3127,4
3128,0
3128,16
3129,4
3129,26
3130,30
3131,12
3131,16
3131,41
3132,4
3132,7
3133,12
3133,15
3133,16
3134,12
3134,16
3135,12
3135,15
3135,16
3136,12
3136,16
3137,22
3137,30
3138,21
3139,30
3140,12
3141,12
3142,7
3142,16
3143,10
3143,29
3144,3
3144,17
3144,32
3145,12
3145,15
3145,16
3146,30
3147,10
3148,4
3148,22
3149,0
3149,26
3150,7
3150,12
3150,15
3151,12
3151,15
3151,24
3152,10
3152,29
3153,22
3153,30
3154,12
3154,16
3154,29
3155,10
3156,12
3156,15
3157,12
3157,16
3158,12
3159,7
3159,16
3160,12
3160,16
3160,41
3161,7
3161,12
3161,15
3162,30
3163,12
3163,15
3163,16
3164,10
3164,16
3165,30
3166,12
3166,41
3167,12
3167,15
3167,16
3168,30
3169,30
3170,30
3171,12
3171,15
3171,16
3172,30
3173,12
3173,15
3173,16
3174,0
3174,7
3175,30
3176,30
3177,10
3178,10
3179,7
3179,16
3179,24
3180,4
3180,7
3181,14
3181,16
3181,41
3182,10
3183,7
3183,12
3183,16
3184,7
3184,16
3185,7
3185,12
3185,16
3186,12
3186,16
3187,30
3188,7
3188,16
3188,29
3189,0
3189,1
3189,16
3190,0
3190,1
3190,26
3191,0
3191,1
3191,26
3192,7
3192,16
3192,22
3193,10
3194,7
3195,22
3196,30
3197,0
3197,12
3197,16
3198,4
3198,7
3199,12
3200,12
3200,16
3201,12
3201,16
3202,12
3202,15
3202,16
3203,7
3203,16
3203,22
3204,4
3204,7
3205,17
3205,33
3205,34
3206,12
3206,16
3207,12
3207,15
3207,16
3208,10
3208,29
3209,7
3209,16
3210,30
3211,16
3211,26
3211,41
3212,30
3213,10
3213,22
3214,30
3215,12
3215,22
3216,10
3216,22
3217,30
3218,30
3219,30
3220,30
3221,30
3222,30
3223,10
3224,10
3225,12
3225,15
3226,12
3226,41
3227,10
3228,0
3229,7
3229,15
3229,16
3230,2
3230,17
3231,30
3232,12
3232,15
3232,16
3233,30
3234,7
3234,12
3234,15
3235,0
3235,12
3235,16
3236,22
3236,30
3237,0
3237,7
3238,30
3239,7
3240,12
3240,16
3241,14
3241,41
3242,4
3242,7
3243,7
3243,14
3244,30
3245,10
3245,16
3246,4
3246,7
3246,9
3247,0
3247,24
3248,4
3248,26
3249,30
3250,30
3251,0
3251,12
3251,16
3252,0
3252,16
3253,30
3254,21
3255,30
3256,0
3256,7
3257,7
3257,16
3258,7
3258,22
3259,7
3259,12
3259,20
3260,30
3261,7
3261,12
3261,15
3262,4
3263,35
3263,36
3263,39
3264,7
3264,15
3265,30
3266,12
3266,15
3267,12
3267,15
3267,26
3268,30
3269,10
3269,22
3270,10
3271,12
3271,15
3271,24
3272,30
3273,10
3273,30
3274,14
3274,15
3274,41
3275,30
3276,30
3277,12
3277,15
3277,26
3278,7
3278,12
3278,16
3279,30
3280,10
3280,22
3281,30
3282,30
3283,10
3284,30
3285,30
3286,30
3287,30
3288,30
3289,10
3290,10
3290,29
3291,10
3292,10
3292,16
3293,4
3293,7
3293,22
3294,4
3294,10
3294,29
3295,30
3296,10
3297,12
3298,12
3299,12
3300,12
3301,12
3301,29
3302,12
3303,12
3304,12
3305,12
3305,29
3306,12
3307,12
3307,41
3308,4
3308,12
3308,13
3309,12
3309,16
3310,14
3311,12
3311,16
3312,12
3312,15
3312,41
3313,0
3313,15
3313,26
3314,12
3315,12
3316,14
3316,16
3317,14
3317,16
3317,41
3318,12
3318,16
3318,41
3319,12
3319,41
3320,7
3320,12
3320,15
3321,0
3321,12
3321,16
3322,12
3322,16
3323,12
3323,16
3324,7
3324,24
3325,14
3325,16
3326,7
3326,16
3327,0
3327,26
3328,12
3328,24
3329,12
3329,24
3329,29
3330,0
3331,12
3331,15
3331,29
3332,14
3332,15
3332,41
3333,14
3333,41
3334,0
3334,16
3335,14
3335,41
3336,0
3337,7
3338,14
3338,15
3338,41
3339,14
3339,15
3340,10
3340,22
3341,26
3342,12
3342,15
3343,7
3344,0
3344,15
3344,26
3345,0
3346,0
3346,7
3346,16
3347,10
3348,7
3348,12
3349,12
3349,20
3350,12
3350,16
3350,29
3351,7
3351,16
3352,0
3352,7
3353,12
3353,16
3354,10
3355,7
3355,20
3356,7
3356,12
3356,24
3357,7
3357,24
3358,7
3358,12
3358,15
3359,12
3359,16
3360,0
3360,12
3360,16
3361,14
3361,16
3361,41
3362,7
3362,15
3362,41
3363,38
3364,7
3364,16
3364,22
3365,7
3366,12
3366,15
3366,16
3367,12
3367,26
3368,0
3368,6
3368,12
3369,6
3369,9
3369,12
3370,12
3370,24
3371,10
3371,16
3372,12
3373,0
3373,16
3373,26
3374,7
3374,15
3375,7
3375,14
3376,14
3376,15
3377,4
3377,7
3377,24
3378,41
3379,12
3379,41
3380,7
3380,9
3381,12
3381,16
3382,12
3382,41
3383,12
3383,15
3383,24
3384,4
3384,12
3384,24
3385,30
3386,16
3386,41
3387,12
3387,16
3388,7
3388,15
3389,12
3389,15
3390,12
3390,16
3391,7
3391,24
3392,7
3393,12
3393,24
3394,0
3394,12
3394,16
3395,4
3396,14
3397,0
3397,4
3397,15
3398,12
3398,16
3398,24
3399,7
3399,16
3400,7
3400,12
3400,16
3401,12
3401,16
3402,12
3402,16
3403,7
3403,12
3403,16
3404,7
3404,12
3404,16
3405,7
3405,16
3405,26
3406,17
3406,19
3406,31
3407,4
3407,7
3408,7
3408,12
3408,16
3409,12
3409,16
3410,7
3410,12
3410,16
3411,12
3411,29
3412,12
3412,22
3412,24
3413,0
3414,0
3414,16
3415,0
3416,0
3416,10
3416,16
3417,12
3417,15
3417,16
3418,14
3418,15
3418,16
3419,7
3420,12
3420,15
3421,0
3421,14
3422,12
3423,12
3423,16
3423,24
3424,10
3425,12
3425,15
3425,16
3426,16
3426,22
3426,24
3427,4
3428,10
3428,16
3428,22
3429,6
3429,7
3429,12
3430,10
3431,4
3431,7
3431,26
3432,7
3432,12
3432,15
3433,4
3434,16
3434,41
3435,4
3435,15
3436,14
3436,41
3437,14
3438,0
3439,12
3440,41
3441,4
3442,4
3443,7
3443,24
3444,7
3444,12
3444,16
3445,0
3445,6
3445,7
3446,12
3446,16
3447,10
3448,0
3449,12
3450,10
3451,10
3452,41
3453,0
3453,12
3454,12
3455,12
3455,15
3456,10
3456,29
3457,7
3457,9
3457,12
3458,12
3459,10
3459,16
3459,22
3460,4
3461,4
3462,4
3463,4
3464,12
3464,16
3465,12
3465,13
3466,7
3466,12
3466,16
3467,12
3467,15
3467,16
3468,7
3468,12
3468,20
3469,12
3469,15
3470,12
3470,24
3471,7
3472,12
3472,15
3472,16
3473,12
3473,16
3473,41
3474,4
3475,12
3475,15
3475,16
3476,0
3476,7
3476,26
3477,7
3477,16
3478,0
3478,14
3479,12
3479,15
3479,16
3480,10
3481,14
3481,26
3481,41
3482,0
3482,7
3482,16
3483,12
3483,15
3484,7
3484,12
3484,16
3485,7
3485,12
3485,16
3486,7
3486,24
3487,4
3487,7
3488,14
3488,41
3489,7
3489,24
3490,14
3490,26
3490,41
3491,0
3491,12
3491,16
3492,10
3492,29
3493,12
3493,26
3494,7
3494,16
3494,24
3495,10
3495,16
3496,7
3496,15
3496,16
3497,10
3498,16
3498,26
3498,41
3499,0
3499,26
3500,10
3500,16
3500,22
3501,12
3501,16
3501,29
3502,12
3502,15
3502,16
3503,12
3503,16
3504,12
3504,15
3505,7
3505,12
3505,16
3506,14
3506,15
3506,41
3507,12
3507,15
3507,41
3508,12
3508,41
3509,0
3509,7
3510,0
3510,7
3511,41
3512,10
3512,22
3513,12
3513,16
3514,12
3515,4
3515,12
3516,4
3517,4
3518,16
3518,24
3519,7
3519,16
3519,24
3520,7
3520,12
3520,15
3521,0
3521,7
3521,15
3522,0
3522,16
3523,12
3523,16
3524,7
3524,16
3524,24
3525,10
3525,16
3525,29
3526,12
3526,16
3527,4
3528,4
3529,4
3530,4
3531,4
3532,4
3533,4
3534,4
3535,4
3536,4
3537,0
3537,7
3538,7
3538,16
3539,0
3539,16
3539,22
3540,7
3540,29
3541,6
3541,41
3542,10
3542,22
3543,6
3543,7
3543,12
3544,12
3544,15
3544,16
3545,10
3546,7
3546,12
3546,24
3547,7
3547,16
3548,7
3548,9
3549,7
3550,7
3550,12
3550,16
3551,7
3551,16
3552,12
3552,24
3553,4
3553,7
3554,10
3555,10
3555,20
3555,22
3556,12
3556,16
3556,24
3557,10
3557,16
3557,29
3558,12
3558,15
3558,16
3559,15
3559,41
3560,4
3560,12
3561,4
3562,7
3562,16
3562,29
3563,10
3564,12
3564,16
3564,24
3565,7
3565,16
3565,24
3566,10
3566,16
3566,29
3567,12
3567,15
3567,16
3568,7
3568,16
3568,24
3569,12
3569,16
3569,41
3570,14
3570,16
3570,41
3571,12
3571,15
3571,16
3572,7
3573,7
3574,4
3574,7
3575,0
3576,10
3577,4
3577,7
3578,10
3578,22
3579,30
3580,12
3580,15
3580,16
3581,10
3581,13
3582,12
3582,16
3583,12
3583,16
3583,20
3584,7
3584,15
3584,16
3585,7
3585,12
3585,15
3586,0
3586,7
3586,16
3587,8
3587,17
3587,34
3588,7
3588,12
3588,16
3589,12
3590,0
3590,12
3591,0
3591,26
3592,0
3593,12
3593,15
3594,12
3594,16
3594,41
3595,41
3596,12
3596,15
3596,22
3597,12
3597,29
3598,4
3599,7
3599,15
3599,16
3600,0
3600,16
3601,12
3602,12
3602,15
3602,16
3603,7
3603,12
3603,15
3604,7
3605,15
3605,41
3606,0
3606,7
3607,12
3607,15
3607,24
3608,10
3609,4
3610,10
3611,6
3611,12
3611,16
3612,10
3612,16
3612,29
3613,12
3613,15
3613,26
3614,4
3614,7
3615,10
3616,7
3616,16
3617,0
3617,6
3617,12
3618,0
3618,12
3618,16
3619,10
3619,29
3620,10
3620,16
3621,12
3621,15
3621,41
3622,4
3623,7
3623,24
3624,12
3624,24
3624,29
3625,4
3625,7
3626,8
3626,11
3627,7
3627,15
3628,10
3628,16
3628,20
3629,12
3629,29
3630,15
3630,41
3631,7
3632,12
3632,41
3633,0
3633,16
3634,4
3634,7
3635,4
3635,7
3636,4
3636,7
3637,0
3637,16
3638,15
3638,41
3639,12
3639,24
3640,12
3640,15
3640,16
3641,0
3641,15
3642,6
3642,12
3642,24
3643,12
3643,15
3643,16
3644,14
3644,41
3645,12
3645,16
3645,29
3646,7
3646,16
3646,24
3647,7
3647,12
3647,16
3648,12
3648,16
3649,8
3649,25
3649,28
3650,7
3650,12
3651,4
3651,7
3651,12
3652,12
3652,15
3653,7
3653,24
3654,9
3654,14
3655,7
3655,12
3655,16
3656,12
3656,16
3657,12
3657,16
3658,12
3658,20
3658,24
3659,6
3659,9
3659,14
3660,14
3660,26
3660,41
3661,7
3662,0
3663,0
3663,12
3663,16
3664,0
3664,12
3664,16
3665,6
3665,12
3666,4
3666,7
3667,0
3667,16
3667,41
3668,10
3668,16
3669,12
3670,12
3670,13
3670,16
3671,7
3671,12
3671,16
3672,7
3672,16
3672,24
3673,7
3673,12
3673,16
3674,10
3674,16
3675,12
3676,12
3676,16
3676,24
3677,12
3678,4
3678,7
3679,0
3679,7
3680,4
3680,6
3681,7
3681,16
3681,22
3682,7
3682,9
3682,12
3683,0
3683,12
3683,16
3684,10
3684,22
3685,12
3685,15
3685,16
3686,14
3686,41
3687,4
3688,7
3688,16
3689,4
3689,7
3690,7
3690,12
3690,16
3691,9
3691,14
3692,0
3692,16
3693,12
3693,15
3693,16
3694,4
3694,6
3694,7
3695,15
3695,41
3696,10
3696,22
3697,7
3697,13
3697,24
3698,7
3698,24
3699,4
3699,12
3699,24
3700,4
3700,7
3701,4
3701,7
3701,12
3702,12
3702,16
3702,41
3703,7
3703,16
3704,6
3704,7
3704,16
3705,0
3705,14
3705,26
3706,12
3706,15
3706,16
3707,12
3707,16
3707,41
3708,10
3708,22
3709,0
3709,26
3710,12
3711,7
3712,0
3712,6
3713,7
3713,26
3714,10
3714,22
3715,12
3715,41
3716,0
3716,9
3716,12
3717,12
3717,16
3718,0
3718,14
3718,26
3719,12
3719,29
3720,0
3720,7
3721,7
3721,15
3721,16
3722,7
3722,12
3722,15
3723,12
3723,15
3723,16
3724,12
3724,16
3725,12
3725,41
3726,0
3726,12
3726,16
3727,12
3727,41
3728,12
3728,15
3728,20
3729,14
3729,16
3729,41
3730,10
3730,29
3731,12
3731,16
3731,41
3732,0
3732,12
3732,15
3733,6
3733,12
3734,4
3734,7
3735,4
3736,12
3736,41
3737,10
3737,13
3737,22
3738,12
3738,15
3739,7
3739,12
3739,15
3740,0
3740,16
3740,24
3741,14
3742,10
3743,0
3743,12
3743,16
3744,14
3744,16
3745,12
3746,4
3746,7
3747,12
3747,15
3747,20
3748,0
3748,14
3748,16
3749,12
3749,16
3750,12
3750,15
3750,16
3751,12
3751,15
3751,20
3752,12
3752,16
3753,12
3753,15
3753,16
3754,10
3754,22
3755,0
3756,12
3756,16
3756,41
3757,12
3757,41
3758,12
3758,16
3758,41
3759,14
3759,16
3759,41
3760,12
3760,16
3761,6
3761,12
3761,15
3762,12
3762,15
3763,7
3763,16
3764,10
3765,7
3766,15
3766,16
3766,41
3767,12
3767,41
3768,7
3768,12
3768,15
3769,7
3769,12
3769,15
3770,4
3770,7
3771,7
3771,24
3772,7
3773,14
3774,16
3774,29
3775,16
3775,41
3776,10
3777,14
3777,41
3778,0
3779,30
3780,14
3780,41
3781,0
3781,16
3782,41
3783,41
3784,12
3784,16
3785,14
3785,26
3785,41
3786,12
3786,16
3787,0
3787,7
3787,16
3788,0
3788,16
3788,26
3789,10
3790,12
3790,16
3791,0
3792,12
3792,16
3792,22
3793,7
3794,0
3794,16
3795,10
3796,41
3797,0
3797,16
3797,26
3798,6
3798,12
3798,24
3799,12
3799,41
3800,4
3801,4
3801,12
3802,16
3802,41
3803,7
3803,15
3804,7
3805,14
3806,0
3806,10
3806,16
3807,0
3807,10
3807,16
3808,0
3808,10
3808,16
3809,14
3809,16
3810,10
3810,16
3811,7
3811,12
3811,15
3812,12
3812,41
3813,0
3813,14
3813,26
3814,0
3814,7
3814,16
3815,12
3815,13
3816,4
3816,7
3817,4
3817,7
3818,0
3818,26
3819,0
3819,26
3820,0
3820,26
3821,0
3821,26
3822,10
3823,10
3823,16
3824,12
3824,15
3824,16
3825,0
3825,12
3825,16
3826,7
3827,10
3828,4
3828,26
3829,12
3830,7
3830,24
3831,12
3831,24
3832,30
3833,12
3833,16
3833,24
3834,12
3834,16
3835,12
3835,15
3835,16
3836,12
3836,16
3836,41
3837,0
3838,10
3838,16
3839,16
3839,26
3840,12
3840,26
3841,10
3841,16
3842,10
3843,14
3843,41
3844,12
3844,16
3845,12
3845,16
3845,22
3846,7
3846,24
3847,12
3847,15
3847,16
3848,0
3849,15
3849,41
3850,10
3851,12
3851,15
3851,24
3852,0
3852,6
3853,12
3853,24
3853,26
3854,0
3854,12
3854,26
3855,7
3855,12
3855,15
3856,7
3856,9
3856,16
3857,12
3857,16
3857,24
3858,12
3858,16
3858,20
3859,4
3859,7
3859,13
3860,14
3860,26
3861,12
3861,15
3861,41
3862,12
3862,16
3862,41
3863,7
3863,26
3864,12
3864,15
3864,16
3865,0
3866,7
3866,24
3867,0
3868,0
3868,12
3868,15
3869,7
3869,16
3870,7
3870,16
3870,24
3871,7
3871,16
3872,7
3872,24
3873,12
3873,15
3874,0
3874,12
3874,16
3875,7
3876,41
3877,12
3877,15
3877,16
3878,41
3879,12
3879,15
3879,16
3880,7
3880,16
3881,3
3881,8
3881,34
3882,7
3882,9
3882,12
3883,10
3884,6
3884,12
3884,22
3885,12
3885,16
3886,4
3886,7
3887,10
3888,10
3889,12
3889,16
3890,9
3890,14
3890,41
3891,14
3891,41
3892,14
3893,10
3893,16
3894,12
3894,15
3894,16
3895,7
3895,24
3896,0
3897,14
3897,16
3898,10
3899,0
3899,16
3900,12
3901,7
3901,16
3902,12
3902,15
3902,22
3903,0
3903,16
3904,10
3904,16
3905,12
3906,12
3906,16
3907,7
3908,10
3909,4
3910,10
3910,16
3910,20
3911,0
3911,6
3911,26
3912,7
3912,24
3913,6
3913,7
3913,16
3914,12
3914,41
3915,7
3915,12
3915,15
3916,7
3916,12
3916,15
3917,4
3917,7
3918,4
3918,12
3919,10
3920,7
3920,16
3921,12
3921,15
3922,12
3922,13
3923,14
3924,14
3924,16
3925,4
3925,7
3925,12
3926,0
3926,16
3927,10
3927,16
3927,29
3928,3
3928,11
3928,17
3929,12
3929,15
3930,4
3930,12
3930,29
3931,0
3931,12
3931,16
3932,12
3932,41
3933,4
3933,7
3934,12
3934,15
3934,16
3935,12
3935,16
3936,12
3936,16
3936,24
3937,12
3938,4
3938,12
3938,29
3939,4
3939,12
3939,29
3940,14
3940,41
3941,12
3941,16
3942,12
3943,4
3943,7
3944,18
3944,33
3945,7
3945,22
3946,4
3946,7
3947,0
3947,7
3948,7
3948,24
3949,0
3949,12
3949,16
3950,14
3951,0
3951,1
3951,16
3952,0
3952,26
3953,0
3953,1
3953,16
3954,0
3954,1
3954,16
3955,0
3955,12
3955,16
3956,12
3956,16
3957,6
3957,7
3957,22
3958,12
3958,15
3959,7
3959,16
3960,4
3960,12
3960,13
3961,10
3962,0
3962,16
3963,12
3963,13
3964,12
3964,13
3965,12
3965,15
3965,16
3966,6
3966,7
3966,16
3967,0
3968,12
3969,41
3970,7
3970,16
3971,15
3972,17
3972,34
3972,39
3973,7
3973,15
3974,12
3975,7
3975,12
3975,15
3976,12
3976,16
3977,12
3978,0
3978,41
3979,6
3979,12
3980,12
3980,15
3981,7
3981,29
3982,4
3982,7
3983,7
3983,12
3983,16
3984,14
3984,41
3985,12
3985,15
3985,16
3986,12
3987,7
3987,16
3987,22
3988,7
3988,15
3989,6
3989,7
3989,22
3990,14
3990,41
3991,7
3991,15
3991,16
3992,10
3992,16
3993,7
3993,16
3994,7
3994,16
3995,7
3995,16
3996,7
3996,16
3996,24
3997,4
3997,7
3997,22
3998,0
3998,1
3998,26
3999,0
3999,26
4000,12
4000,16
4000,22
4001,0
4001,12
4002,7
4002,16
4003,41
4004,10
4005,16
4005,22
4006,14
4006,15
4007,7
4007,16
4007,24
4008,12
4008,15
4009,0
4009,16
4009,26
4010,7
4010,9
4011,7
4011,9
4012,10
4013,4
4013,7
4014,10
4014,29
4015,10
4016,0
4016,7
4016,12
4017,14
4017,15
4018,10
4018,16
4019,14
4019,41
4020,0
4021,10
4022,14
4022,41
4023,14
4023,15
4024,12
4024,15
4024,20
4025,10
4026,7
4026,24
4027,41
4028,4
4029,0
4029,7
4029,15
4030,12
4030,15
4031,0
4031,9
4031,26
4032,12
4032,24
4032,26
4033,12
4034,0
4034,7
4034,12
4035,14
4036,0
4036,16
4037,0
4038,14
4038,16
4038,41
4039,16
4039,41
4040,10
4041,14
4041,16
4041,41
4042,12
4042,16
4043,7
4043,24
4044,12
4044,16
4044,24
4045,7
4045,12
4045,16
4046,12
4046,16
4046,20
4047,7
4047,14
4048,7
4048,13
4048,16
4049,7
4049,13
4049,16
4050,12
4050,16
4051,12
4051,24
4052,12
4053,4
4053,7
4054,4
4054,7
4054,12
4055,12
4056,10
4056,16
4056,29
4057,12
4057,14
4057,26
4058,14
4058,16
4059,12
4060,7
4061,7
4061,15
4062,7
4062,29
4063,6
4063,12
4063,16
4064,4
4064,7
4065,14
4065,41
4066,10
4067,7
4067,15
4067,16
4068,10
4068,22
4069,4
4069,7
4070,7
4071,7
4072,12
4072,24
4073,12
4073,16
4074,0
4074,26
4075,12
4075,16
4075,22
4076,16
4076,22
4076,24
4077,14
4077,15
4077,16
4078,0
4079,0
4079,15
4080,7
4080,15
4080,20
4081,7
4081,15
4081,20
4082,12
4082,15
4082,22
4083,14
4083,16
4083,41
4084,12
4084,15
4084,16
4085,10
4085,29
4086,10
4087,10
4088,7
4088,12
4088,16
4089,0
4090,0
4090,12
4091,7
4092,7
4092,16
4092,24
4093,12
4093,15
4094,7
4094,12
4094,15
4095,12
4095,13
4095,24
4096,10
4096,16
4096,29
4097,0
4097,16
4097,26
4098,7
4098,16
4098,24
4099,4
4100,30
4101,4
4101,7
4101,26
4102,12
4102,16
4102,24
4103,0
4103,12
4104,14
4104,16
4104,41
4105,12
4105,16
4105,24
4106,0
4106,26
4107,12
4107,16
4107,24
4108,41
4109,4
4109,7
4110,12
4110,15
4110,16
4111,0
4111,4
4111,26
4112,0
4112,4
4112,6
4113,0
4113,4
4113,6
4114,0
4114,4
4114,6
4115,12
4115,41
4116,10
4117,0
4118,0
4118,4
4118,26
4119,0
4119,12
4119,16
4120,7
4120,12
4120,16
4121,7
4122,12
4122,16
4122,26
4123,0
4123,1
4123,16
4124,0
4124,1
4124,16
4125,0
4125,1
4125,16
4126,12
4126,29
4127,12
4127,15
4127,16
4128,12
4128,15
4128,16
4129,7
4129,12
4129,16
4130,10
4130,29
4131,4
4131,26
4132,12
4132,16
4132,24
4133,12
4133,16
4133,22
4134,4
4134,7
4135,7
4135,16
4135,24
4136,7
4136,16
4136,22
4137,10
4137,29
4138,12
4138,16
4138,24
4139,4
4139,22
4140,8
4140,17
4140,34
4141,12
4141,41
4142,7
4142,12
4142,16
4143,12
4143,16
4144,12
4144,15
4144,16
4145,12
4145,15
4145,16
4146,7
4146,12
4146,16
4147,7
4147,9
4148,12
4148,16
4148,24
4149,10
4150,12
4150,22
4151,10
4151,13
4152,10
4152,20
4153,10
4153,22
4154,10
4155,0
4155,26
4156,16
4156,41
4157,12
4157,15
4157,26
4158,3
4158,34
4158,37
4159,0
4159,16
4160,7
4160,16
4160,24
4161,4
4161,7
4162,7
4162,12
4163,7
4163,24
4164,7
4164,12
4164,15
4165,0
4165,26
4166,7
4166,24
4167,0
4167,7
4167,16
4168,10
4168,22
4169,0
4169,12
4170,12
4170,16
4171,12
4171,16
4171,24
4172,0
4172,12
4172,16
4173,12
4173,16
4174,0
4174,12
4174,16
4175,12
4175,16
4175,24
4176,4
4176,12
4177,12
4177,16
4177,22
4178,41
4179,12
4179,15
4179,16
4180,16
4180,22
4180,24
4181,7
4181,24
4182,7
4182,12
4182,15
4183,30
4184,12
4184,16
4185,7
4185,12
4185,16
4186,11
4187,30
4188,30
4189,30
4190,10
4190,20
4191,0
4191,12
4191,16
4192,7
4192,12
4192,16
4193,6
4193,7
4193,12
4194,7
4194,16
4194,22
4195,12
4195,15
4195,16
4196,0
4197,0
4198,7
4198,15
4198,24
4199,12
4199,16
4199,29
4200,0
4200,12
4200,16
4201,0
4202,0
4203,0
4203,15
4203,26
4204,10
4204,16
4205,0
4206,0
4206,12
4206,15
4207,7
4207,9
4207,14
4208,0
4208,7
4208,24
4209,0
4209,12
4209,16
4210,12
4210,15
4210,41
4211,12
4211,15
4212,0
4212,7
4213,7
4213,9
4213,29
4214,12
4215,7
4215,16
4216,41
4217,7
4217,14
4217,16
4218,14
4218,41
4219,6
4219,10
4220,26
4220,41
4221,10
4222,0
4222,12
4222,16
4223,16
4223,24
4224,7
4224,16
4224,41
4225,4
4226,12
4226,15
4227,14
4228,7
4228,12
4229,12
4229,15
4229,16
4230,0
4230,7
4230,9
4231,4
4231,7
4232,4
4232,7
4233,0
4233,7
4233,16
4234,10
4234,22
4235,7
4235,12
4235,16
4236,12
4236,16
4236,24
4237,22
4238,16
4238,24
4239,7
4239,16
4240,6
4240,12
4240,22
4241,7
4241,16
4242,8
4242,17
4242,28
4243,12
4243,16
4243,41
4244,14
4244,16
4245,0
4246,26
4246,41
4247,12
4247,16
4248,0
4249,12
4249,15
4249,20
4250,0
4251,12
4251,15
4251,24
4252,10
4252,16
4252,29
4253,7
4253,24
4254,4
4255,21
4256,21
4257,7
4257,14
4257,16
4258,0
4258,13
4258,26
4259,4
4260,0
4260,16
4260,26
4261,0
4261,9
4261,16
4262,0
4262,14
4262,26
4263,18
4264,4
4264,7
4265,6
4265,10
4266,17
4266,25
4266,33
4267,7
4267,20
4268,7
4268,14
4268,15
4269,14
4269,15
4269,41
4270,0
4270,16
4271,12
4271,13
4272,6
4272,12
4272,16
4273,12
4273,41
4274,12
4275,0
4275,16
4276,0
4276,16
4276,24
4277,4
4277,7
4278,4
4278,7
4279,12
4279,15
4280,7
4281,7
4281,12
4281,15
4282,41
4283,10
4284,0
4284,7
4284,15
4285,12
4285,15
4286,0
4286,16
4286,26
4287,12
4287,15
4287,16
4288,0
4288,6
4288,9
4289,6
4289,12
4289,24
4290,3
4290,8
4290,17
4291,10
4291,16
4291,22
4292,0
4292,7
4292,16
4293,7
4293,16
4294,12
4294,16
4294,29
4295,7
4295,24
4296,7
4296,12
4296,16
4297,7
4297,16
4297,24
4298,0
4298,7
4298,16
4299,12
4299,41
4300,7
4300,16
4300,24
4301,7
4301,16
4301,24
4302,7
4302,16
4302,24
4303,12
4303,15
4303,20
4304,12
4304,16
4305,10
4305,16
4305,29
4306,12
4306,16
4306,24
4307,14
4307,16
4307,41
4308,7
4308,16
4308,29
4309,16
4309,41
4310,12
4310,16
4311,7
4312,14
4312,16
4313,0
4313,6
4313,9
4314,7
4315,9
4315,14
4316,12
4316,16
4317,12
4317,15
4317,16
4318,10
4319,16
4319,41
4320,18
4320,33
4321,4
4322,0
4322,10
4322,16
4323,4
4323,10
4323,16
4324,0
4324,12
4324,16
4325,7
4325,16
4326,7
4326,16
4326,22
4327,12
4327,16
4327,22
4328,12
4328,16
4329,14
4330,0
4330,12
4331,7
4331,16
4331,24
4332,12
4332,15
4332,16
4333,12
4333,16
4333,24
4334,12
4334,15
4335,12
4335,15
4336,7
4336,15
4336,24
4337,10
4337,16
4338,7
4338,12
4338,16
4339,12
4339,15
4339,16
4340,12
4340,15
4340,16
4341,14
4341,41
4342,0
4343,12
4343,15
4343,16
4344,11
4344,27
4344,34
4345,0
4345,16
4346,30
4347,10
4347,13
4348,0
4348,26
4349,1
4349,4
4350,4
4350,22
4351,12
4351,15
4351,16
4352,0
4352,16
4353,12
4353,15
4353,16
4354,7
4354,12
4354,16
4355,12
4355,15
4356,12
4356,16
4357,7
4357,16
4357,22
4358,10
4359,7
4359,16
4359,24
4360,7
4360,12
4360,16
4361,12
4361,15
4361,41
4362,6
4362,12
4362,15
4363,12
4364,14
4364,16
4364,41
4365,12
4365,16
4365,24
4366,7
4366,12
4366,15
4367,12
4367,16
4367,41
4368,0
4368,7
4368,26
4369,0
4369,7
4369,26
4370,12
4370,15
4371,0
4371,12
4371,16
4372,7
4372,16
4373,7
4373,16
4373,26
4374,0
4374,12
4374,16
4375,4
4375,7
4376,0
4376,26
4377,12
4377,15
4377,20
4378,12
4378,16
4379,4
4379,12
4379,29
4380,4
4380,7
4381,12
4381,16
4381,22
4382,1
4383,12
4383,16
4384,24
4385,10
4385,22
4386,12
4386,15
4387,0
4387,12
4388,7
4388,16
4388,24
4389,12
4389,15
4390,12
4390,15
4390,16
4391,0
4391,14
4391,15
4392,12
4392,15
4392,41
4393,12
4393,16
4394,12
4395,12
4396,41
4397,0
4397,7
4398,4
4398,7
4399,7
4399,16
4400,4
4401,4
4402,4
4402,22
4403,4
4404,4
4405,4
4406,4
4407,4
4408,4
4409,4
4410,4
4411,4
4412,4
4413,7
4413,24
4414,12
4414,15
4414,26
4415,12
4415,15
4415,20
4416,0
4416,7
4416,16
4417,12
4417,15
4417,16
4418,12
4418,15
4418,16
4419,12
4419,16
4420,4
4420,7
4421,7
4422,12
4423,7
4423,24
4424,10
4424,16
4425,7
4425,12
4425,16
4426,7
4427,7
4427,16
4428,12
4428,15
4429,7
4429,16
4429,24
4430,4
4431,4
4431,7
4432,7
4432,9
4432,14
4433,0
4433,6
4433,12
4434,4
4434,7
4435,12
4435,15
4435,16
4436,12
4436,13
4437,7
4437,16
4438,7
4438,15
4439,7
4439,24
4440,7
4440,12
4440,16
4441,4
4441,7
4442,4
4442,7
4443,0
4443,7
4443,16
4444,10
4445,12
4446,0
4446,12
4446,16
4447,12
4447,24
4448,14
4448,16
4449,7
4449,29
4450,14
4451,0
4451,7
4451,16
4452,12
4452,15
4453,0
4453,1
4453,16
4454,30
4455,10
4456,0
4456,4
4457,12
4457,16
4458,7
4459,12
4459,15
4460,12
4460,16
4461,12
4461,13
4462,4
4462,7
4463,0
4463,26
4464,0
4464,12
4464,16
4465,12
4465,15
4466,12
4466,15
4466,41
4467,12
4467,15
4467,41
4468,12
4468,24
4469,7
4469,16
4470,7
4470,12
4470,16
4471,7
4471,24
4472,4
4473,4
4474,4
4474,7
4475,10
4476,10
4477,10
4478,10
4479,10
4480,10
4481,10
4482,10
4483,10
4484,10
4485,10
4486,10
4487,10
4488,21
4489,12
4489,41
4490,12
4491,10
4491,22
4492,12
4493,12
4493,15
4493,16
4494,12
4494,15
4494,16
4495,10
4495,16
4495,22
4496,7
4496,12
4496,15
4497,10
4497,16
4498,0
4498,26
4499,0
4499,6
4499,7
4500,0
4500,7
4501,0
4501,7
4502,7
4502,16
4503,0
4504,7
4504,14
4504,16
4505,7
4505,14
4505,16
4506,11
4507,7
4507,16
4507,24
4508,0
4508,16
4509,10
4509,13
4510,12
4510,16
4511,10
4511,22
4512,10
4512,22
4513,10
4513,22
4514,12
4514,16
4515,0
4515,6
4515,16
4516,12
4516,16
4516,24
4517,10
4517,22
4518,12
4519,12
4519,16
4519,22
4520,9
4520,15
4520,41
4521,10
4521,16
4522,4
4522,7
4523,0
4523,12
4523,16
4524,0
4524,16
4525,0
4525,16
4526,7
4526,12
4526,15
4527,0
4527,16
4528,7
4528,12
4528,16
4529,12
4529,15
4529,16
4530,12
4530,16
4531,10
4531,16
4532,14
4532,41
4533,0
4534,14
4534,16
4535,7
4535,15
4535,16
4536,12
4536,24
4537,12
4537,16
4538,0
4538,16
4539,0
4539,12
4540,12
4541,12
4541,16
4542,12
4542,16
4542,24
4543,41
4544,7
4544,12
4544,16
4545,12
4545,15
4545,24
4546,14
4546,41
4547,12
4547,16
4547,24
4548,12
4548,15
4548,16
4549,0
4550,12
4550,16
4550,29
4551,0
4552,7
4552,16
4552,24
4553,0
4553,7
4554,12
4554,16
4555,7
4555,16
4556,7
4556,14
4556,16
4557,21
4558,12
4558,16
4559,4
4559,7
4559,24
4560,12
4560,20
4561,10
4562,41
4563,12
4563,16
4563,41
4564,10
4565,4
4565,7
4566,0
4566,12
4566,16
4567,6
4567,12
4567,20
4568,16
4568,24
4569,14
4569,16
4570,7
4570,16
4570,24
4571,12
4571,15
4571,16
4572,24
4573,12
4573,15
4573,16
4574,12
4574,16
4574,22
4575,12
4575,16
4576,12
4576,15
4576,16
4577,3
4577,11
4577,17
4578,0
4578,26
4579,12
4579,16
4580,0
4580,6
4580,12
4581,12
4582,10
4582,13
4582,16
4583,0
4583,4
4583,7
4584,12
4584,15
4584,24
4585,12
4585,15
4585,20
4586,21
4587,4
4588,12
4588,15
4588,16
4589,16
4589,24
4590,10
4591,12
4591,41
4592,7
4592,16
4592,24
4593,12
4593,15
4593,20
4594,7
4594,24
4595,10
4596,0
4596,12
4596,16
4597,6
4597,9
4597,12
4598,12
4598,16
4599,0
4600,7
4600,12
4600,16
4601,0
4602,12
4603,4
4603,7
4604,4
4605,12
4605,15
4606,12
4606,16
4607,6
4607,12
4607,29
4608,12
4608,16
4609,0
4609,7
4609,16
4610,12
4610,16
4610,24
4611,7
4611,12
4611,15
4612,4
4612,7
4613,6
4613,12
4613,16
4614,12
4614,16
4615,7
4615,12
4615,16
4616,0
4616,14
4616,16
4617,14
4617,16
4617,41
4618,12
4618,16
4618,22
4619,12
4619,16
4620,7
4620,16
4620,24
4621,6
4621,12
4622,12
4623,14
4624,0
4624,9
4625,12
4625,16
4626,10
4626,16
4627,0
4627,12
4627,16
4628,10
4628,22
4629,0
4629,7
4629,16
4630,0
4630,12
4631,12
4631,24
4632,12
4632,26
4633,0
4633,14
4633,26
4634,10
4634,22
4635,10
4636,0
4636,7
4636,16
4637,12
4637,16
4638,0
4638,12
4638,15
4639,3
4639,18
4640,12
4640,24
4641,12
4641,15
4641,16
4642,12
4642,41
4643,12
4643,16
4644,14
4644,16
4645,12
4645,15
4645,16
4646,12
4646,15
4646,16
4647,12
4647,16
4648,10
4648,16
4649,0
4649,15
4649,16
4650,0
4650,6
4650,12
4651,12
4651,29
4652,12
4652,29
4653,12
4653,29
4654,12
4654,29
4655,0
4655,26
4656,12
4656,16
4657,0
4657,7
4657,22
4658,12
4658,15
4659,7
4659,15
4660,4
4660,15
4661,6
4661,14
4661,41
4662,12
4663,33
4663,34
4664,12
4664,15
4664,16
4665,0
4665,15
4666,0
4666,7
4666,16
4667,7
4667,24
4668,0
4668,16
4668,22
4669,7
4669,24
4670,12
4670,24
4671,41
4672,4
4672,7
4672,29
4673,30
4674,12
4674,16
4675,0
4676,12
4676,15
4676,16
4677,12
4677,16
4677,24
4678,7
4678,26
4679,12
4679,16
4679,24
4680,17
4680,25
4680,34
4681,10
4681,16
4682,7
4682,15
4682,24
4683,12
4683,16
4684,12
4684,16
4684,24
4685,12
4685,16
4685,22
4686,12
4686,16
4687,12
4687,16
4688,12
4688,16
4689,7
4689,16
4690,0
4690,12
4690,13
4691,7
4691,12
4691,16
4692,6
4692,12
4692,16
4693,4
4693,7
4694,4
4695,12
4695,16
4696,7
4696,16
4696,22
4697,0
4697,7
4697,16
4698,12
4698,16
4699,12
4699,16
4700,12
4700,13
4700,16
4701,10
4701,22
4702,12
4702,16
4702,22
4703,7
4703,9
4703,12
4704,12
4704,20
4705,0
4705,15
4706,7
4706,16
4706,24
4707,7
4707,12
4708,12
4709,7
4709,12
4709,15
4710,4
4711,6
4711,7
4711,15
4712,7
4712,14
4713,7
4713,14
4714,6
4714,12
4715,7
4715,12
4716,4
4717,0
4717,7
4717,9
4718,14
4719,14
4720,0
4721,4
4721,6
4721,12
4722,10
4722,16
4722,22
4723,0
4723,26
4724,12
4724,16
4724,22
4725,12
4725,41
4726,10
4726,16
4727,10
4727,16
4728,10
4728,16
4729,10
4729,16
4730,10
4730,16
4731,10
4732,10
4733,10
4734,10
4734,16
4735,10
4735,16
4736,7
4736,16
4737,10
4737,16
4737,29
4738,12
4738,15
4738,16
4739,0
4740,7
4740,12
4740,24
4741,7
4741,12
4741,24
4742,12
4742,16
4742,24
4743,7
4743,12
4743,16
4744,12
4745,7
4745,16
4746,12
4746,16
4746,41
4747,12
4747,15
4747,16
4748,7
4748,16
4748,22
4749,12
4749,16
4750,14
4751,12
4751,16
4752,14
4752,41
4753,0
4753,7
4754,0
4754,12
4754,16
4755,21
4756,21
4757,21
4758,12
4758,16
4759,12
4759,15
4760,4
4760,7
4761,10
4761,22
4762,12
4762,16
4762,41
4763,14
4763,16
4764,12
4764,16
4764,41
4765,12
4765,15
4765,16
4766,0
4766,15
4767,14
4768,0
4768,12
4768,16
4769,7
4769,16
4769,24
4770,0
4770,12
4770,26
4771,14
4771,16
4772,14
4773,7
4773,12
4773,24
4774,0
4775,0
4775,7
4776,0
4776,16
4777,0
4777,26
4778,7
4778,12
4778,15
4779,7
4779,24
4780,12
4780,15
4781,41
4782,0
4782,12
4782,16
4783,0
4783,7
4783,26
4784,7
4784,12
4784,15
4785,7
4786,0
4786,12
4787,7
4787,16
4787,24
4788,12
4788,16
4789,7
4789,15
4789,16
4790,0
4790,4
4790,26
4791,0
4791,4
4791,26
4792,0
4792,16
4792,26
4793,12
4793,24
4794,7
4794,24
4795,0
4795,12
4795,15
4796,12
4796,13
4796,29
4797,14
4797,15
4798,12
4798,22
4799,7
4799,12
4799,15
4800,0
4800,26
4801,0
4801,7
4802,10
4803,12
4803,15
4804,7
4804,9
4804,12
4805,12
4805,16
4805,29
4806,4
4806,7
4807,4
4807,7
4808,4
4808,7
4809,0
4809,7
4809,16
4810,14
4810,15
4811,41
4812,0
4813,0
4813,4
4813,26
4814,12
4814,15
4814,16
4815,10
4815,16
4816,7
4817,7
4817,16
4818,14
4819,12
4819,16
4820,14
4820,16
4821,10
4822,14
4822,41
4823,7
4823,16
4823,24
4824,7
4824,15
4824,20
4825,12
4825,41
4826,7
4826,24
4827,6
4827,7
4827,24
4828,6
4828,7
4828,9
4829,7
4829,12
4830,0
4830,12
4830,16
4831,4
4831,7
4832,0
4832,12
4833,12
4833,16
4833,41
4834,7
4834,16
4834,22
4835,7
4835,12
4835,16
4836,16
4836,41
4837,12
4837,16
4837,24
4838,7
4838,12
4838,24
4839,12
4839,16
4839,29
4840,12
4840,15
4840,16
4841,4
4842,12
4842,15
4842,41
4843,7
4843,12
4843,16
4844,7
4844,9
4845,0
4845,6
4845,12
4846,0
4846,26
4847,7
4848,12
4848,16
4848,24
4849,10
4850,10
4850,20
4851,12
4851,15
4851,16
4852,12
4852,14
4852,22
4853,12
4853,15
4853,41
4854,7
4854,12
4854,15
4855,0
4855,12
4855,16
4856,0
4856,16
4857,12
4857,16
4857,22
4858,12
4858,16
4859,7
4859,24
4860,0
4860,16
4860,24
4861,16
4861,41
4862,4
4863,4
4864,7
4864,16
4865,4
4866,12
4866,16
4866,41
4867,12
4867,15
4867,20
4868,4
4868,7
4869,4
4869,7
4870,7
4870,16
4870,22
4871,12
4871,16
4872,12
4872,15
4872,16
4873,0
4873,26
4874,0
4874,26
4875,10
4875,16
4876,14
4876,15
4876,41
4877,7
4877,16
4877,24
4878,0
4878,16
4878,22
4879,18
4879,33
4880,0
4880,12
4880,16
4881,12
4881,41
4882,4
4883,4
4884,4
4885,12
4885,16
4885,26
4886,0
4886,12
4886,16
4887,7
4887,12
4887,24
4888,14
4889,4
4889,7
4890,7
4890,12
4890,16
4891,7
4891,12
4891,16
4892,0
4892,7
4892,15
4893,0
4894,0
4895,14
4895,15
4895,41
4896,12
4897,7
4898,0
4898,16
4899,14
4899,41
4900,6
4900,10
4901,10
4902,14
4903,14
4903,15
4903,41
4904,12
4904,29
4905,3
4905,11
4905,17
4906,0
4906,26
4907,12
4907,16
4907,24
4908,0
4908,7
4908,24
4909,26
4909,41
4910,14
4910,15
4910,41
4911,12
4911,15
4911,16
4912,12
4912,41
4913,12
4913,15
4913,29
4914,4
4914,12
4914,16
4915,7
4915,12
4915,24
4916,12
4916,16
4916,24
4917,0
4917,26
4918,7
4918,12
4919,14
4919,41
4920,15
4920,41
4921,12
4921,15
4921,16
4922,12
4922,41
4923,9
4923,14
4924,10
4924,29
4925,12
4925,13
4926,0
4926,12
4926,16
4927,12
4927,16
4927,41
4928,14
4928,41
4929,12
4929,16
4929,22
4930,12
4930,16
4930,41
4931,12
4931,15
4931,16
4932,12
4932,13
4933,4
4933,7
4934,6
4934,12
4935,12
4935,15
4936,7
4936,24
4937,7
4937,12
4937,15
4938,12
4938,16
4938,26
4939,7
4939,16
4939,41
4940,14
4940,41
4941,4
4941,7
4942,0
4942,9
4942,26
4943,7
4943,9
4943,16
4944,6
4944,15
4944,41
4945,7
4946,12
4946,16
4947,12
4947,16
4947,24
4948,4
4949,12
4949,16
4950,12
4951,10
4951,29
4952,12
4952,41
4953,12
4953,16
4954,14
4954,41
4955,14
4955,41
4956,14
4956,26
4956,41
4957,12
4957,16
4958,41
4959,12
4960,0
4960,7
4961,0
4961,7
4962,12
4962,16
4963,12
4963,15
4964,15
4964,26
4964,41
4965,6
4965,9
4965,14
4966,12
4966,24
4967,14
4967,15
4968,3
4968,8
4968,34
4969,7
4969,15
4969,20
4970,12
4970,29
4971,14
4971,16
4971,41
4972,14
4973,12
4973,15
4974,7
4974,16
4975,7
4976,3
4976,8
4976,34
4977,0
4977,9
4977,16
4978,4
4978,7
4979,4
4979,7
4979,24
4980,0
4980,12
4980,16
4981,0
4981,26
4982,0
4982,16
4983,14
4984,12
4985,10
4985,29
4986,12
4986,41
4987,7
4987,12
4987,16
4988,12
4988,15
4988,41
4989,12
4989,41
4990,14
4990,15
4990,16
4991,7
4991,12
4991,24
4992,12
4992,15
4992,41
4993,7
4994,12
4994,13
4995,12
4995,13
4996,0
4996,6
4996,9
4997,0
4997,12
4998,0
4998,7
4999,14
5000,14
5000,41
5001,4
5001,12
5001,13
5002,12
5003,14
5004,12
5004,16
5005,12
5005,15
5006,0
5007,7
5007,13
5007,16
5008,0
5008,26
5009,7
5009,12
5010,0
5011,10
5011,29
5012,0
5012,26
5013,16
5013,26
5013,41
5014,4
5015,4
5015,7
5016,4
5016,12
5017,7
5017,12
5018,12
5018,16
5018,41
5019,12
5019,16
5020,7
5020,24
5021,14
5021,15
5021,41
5022,12
5022,16
5023,7
5023,12
5023,24
5024,12
5024,16
5025,12
5025,41
5026,12
5026,16
5027,12
5027,24
5027,26
5028,4
5028,13
5029,10
5029,16
5030,6
5030,12
5031,14
5031,15
5031,41
5032,12
5033,7
5033,16
5034,10
5035,12
5035,29
5036,7
5036,12
5036,16
5037,7
5037,15
5038,4
5038,12
5039,4
5040,12
5040,16
5040,41
5041,7
5041,16
5041,24
5042,14
5042,16
5043,6
5043,7
5043,29
5044,7
5044,12
5044,29
5045,0
5045,26
5046,0
5046,26
5047,7
5047,29
5048,12
5048,16
5049,7
5049,16
5049,26
5050,10
5051,10
5051,22
5052,0
5052,24
5053,0
5053,26
5054,0
5054,26
5055,0
5055,26
5056,10
5057,12
5057,16
5058,7
5059,12
5059,15
5059,16
5060,14
5060,15
5061,12
5062,4
5062,7
5063,12
5063,16
5063,22
5064,7
5064,9
5065,6
5065,12
5065,29
5066,7
5066,15
5066,24
5067,4
5068,7
5068,12
5068,15
5069,7
5069,16
5070,0
5070,7
5071,0
5071,7
5072,12
5072,15
5072,20
5073,0
5074,12
5074,41
5075,7
5075,12
5076,12
5076,22
5076,24
5077,0
5077,12
5077,16
5078,4
5078,7
5079,4
5080,12
5081,4
5081,7
5082,12
5082,15
5083,12
5083,16
5083,41
5084,7
5084,16
5085,4
5086,7
5086,12
5086,16
5087,0
5088,7
5088,24
5089,4
5090,0
5090,12
5090,16
5091,10
5092,12
5093,10
5093,29
5094,4
5094,12
5094,16
5095,12
5095,41
5096,10
5096,29
5097,10
5097,29
5098,12
5098,15
5098,16
5099,14
5099,16
5100,14
5100,15
5100,26
5101,12
5101,16
5101,24
5102,14
5102,41
5103,12
5103,16
5104,12
5104,15
5105,0
5106,10
5106,16
5106,22
5107,41
5108,16
5108,41
5109,7
5109,12
5110,12
5110,15
5111,12
5111,15
5111,16
5112,7
5112,12
5112,15
5113,12
5113,41
5114,12
5115,4
5115,7
5116,7
5116,16
5116,22
5117,12
5118,6
5118,7
5118,15
5119,26
5119,41
5120,14
5120,15
5120,16
5121,12
5121,16
5121,24
5122,12
5123,0
5123,24
5123,26
5124,12
5124,15
5124,24
5125,12
5125,15
5125,16
5126,0
5126,4
5126,7
5127,12
5127,15
5127,41
5128,41
5129,14
5130,0
5131,12
5131,41
5132,9
5132,14
5132,15
5133,12
5133,16
5134,7
5134,12
5134,15
5135,10
5136,0
5136,26
5137,12
5137,24
5137,26
5138,12
5138,15
5138,29
5139,41
5140,7
5141,41
5142,10
5142,16
5143,0
5143,7
5144,7
5144,24
5145,14
5145,16
5146,12
5146,16
5147,10
5148,14
5148,41
5149,0
5149,12
5149,16
5150,12
5150,16
5151,4
5152,7
5152,29
5153,14
5153,16
5154,7
5154,16
5154,24
5155,14
5155,15
5156,14
5156,41
5157,7
5157,12
5157,13
5158,12
5158,16
5159,0
5160,10
5161,41
5162,7
5162,16
5163,0
5163,7
5163,16
5164,10
5165,12
5165,16
5165,24
5166,10
5166,22
5167,7
5167,16
5167,24
5168,12
5168,15
5168,16
5169,0
5169,16
5169,29
5170,0
5170,7
5170,26
5171,4
5172,12
5172,16
5173,12
5173,16
5174,0
5174,16
5175,12
5175,41
5176,6
5176,10
5177,12
5177,16
5177,41
5178,12
5178,16
5179,7
5179,12
5179,16
5180,4
5181,12
5181,15
5181,26
5182,7
5182,9
5182,20
5183,3
5183,5
5183,33
5184,0
5185,12
5185,15
5185,16
5186,7
5186,12
5186,24
5187,7
5188,0
5189,12
5189,15
5189,16
5190,14
5190,16
5191,0
5191,14
5191,16
5192,7
5192,9
5192,12
5193,12
5193,41
5194,26
5194,41
5195,12
5195,15
5195,41
5196,7
5196,12
5196,15
5197,7
5197,9
5197,14
5198,7
5198,14
5198,26
5199,7
5199,14
5199,26
5200,7
5200,14
5200,26
5201,0
5201,7
5201,14
5202,12
5203,7
5203,12
5203,15
5204,0
5204,12
5204,16
5205,16
5205,41
5206,10
5206,22
5207,0
5208,6
5208,12
5209,12
5210,12
5210,15
5211,7
5211,14
5211,15
5212,12
5212,13
5212,16
5213,6
5213,10
5214,4
5214,7
5215,14
5216,10
5216,16
5217,14
5217,15
5217,41
5218,41
5219,12
5219,15
5219,24
5220,10
5220,29
5221,12
5221,16
5221,41
5222,12
5222,16
5223,4
5223,7
5224,0
5224,10
5224,29
5225,12
5225,15
5225,16
5226,0
5226,4
5226,7
5227,7
5227,12
5227,15
5228,12
5228,15
5228,16
5229,16
5229,41
5230,7
5230,12
5230,24
5231,12
5231,15
5231,16
5232,0
5232,7
5232,16
5233,0
5234,0
5234,12
5234,26
5235,0
5236,0
5236,12
5236,16
5237,7
5237,12
5237,16
5238,12
5239,12
5240,0
5240,26
5241,10
5242,12
5242,41
5243,12
5243,16
5244,12
5244,16
5245,7
5245,12
5245,16
5246,12
5246,16
5246,41
5247,12
5248,0
5248,16
5249,0
5249,16
5249,26
5250,12
5250,16
5251,7
5251,15
5252,12
5253,10
5254,12
5254,15
5254,41
5255,0
5256,7
5256,12
5256,16
5257,12
5258,0
5258,7
5259,14
5259,15
5259,16
5260,7
5260,12
5260,16
5261,12
5261,15
5261,22
5262,41
5263,7
5263,16
5263,24
5264,12
5264,15
5265,7
5265,12
5265,15
5266,12
5266,16
5267,12
5267,15
5267,16
5268,7
5268,16
5269,4
5270,12
5270,15
5271,7
5271,14
5271,15
5272,6
5272,12
5272,16
5273,7
5273,12
5273,16
5274,14
5274,41
5275,12
5275,41
5276,12
5276,16
5276,24
5277,0
5277,7
5277,12
5278,7
5279,7
5279,12
5279,15
5280,26
5280,41
5281,7
5281,15
5281,41
5282,10
5282,20
5282,22
5283,6
5283,12
5283,15
5284,10
5285,0
5285,7
5285,26
5286,12
5286,15
5287,4
5287,6
5287,7
5288,6
5288,12
5289,12
5289,15
5290,7
5290,12
5290,15
5291,4
5291,12
5292,12
5292,15
5293,12
5293,15
5293,29
5294,0
5294,12
5295,14
5295,15
5295,41
5296,7
5296,16
5296,24
5297,12
5297,16
5298,0
5299,14
5300,0
5300,29
5301,0
5302,12
5302,15
5302,16
5303,12
5303,15
5303,16
5304,12
5304,16
5304,24
5305,12
5305,16
5305,22
5306,0
5306,7
5306,16
5307,7
5307,12
5307,16
5308,12
5308,15
5308,16
5309,4
5309,7
5310,16
5310,20
5310,24
5311,16
5311,20
5311,24
5312,16
5312,20
5312,24
5313,1
5313,4
5314,7
5314,14
5314,15
5315,4
5316,7
5316,24
5317,12
5317,16
5318,7
5318,12
5318,16
5319,0
5319,7
5320,7
5320,12
5320,15
5321,0
5321,16
5322,4
5322,7
5323,12
5323,15
5323,16
5324,7
5324,12
5324,16
5325,12
5325,16
5326,12
5326,16
5326,41
5327,9
5327,12
5327,41
5328,7
5328,14
5329,4
5329,7
5330,12
5330,16
5330,22
