show_id,country_id
0,102
0,33
0,13
0,101
0,32
0,28
1,101
2,102
3,32
3,22
4,39
5,102
6,102
7,102
7,39
7,30
8,19
8,16
8,102
9,102
10,102
11,102
12,102
13,88
13,102
13,47
14,102
15,47
16,47
17,47
18,47
19,47
20,47
21,47
22,47
23,47
24,47
25,47
26,47
27,69
28,102
29,69
30,91
30,102
31,101
31,102
32,102
33,39
34,102
35,39
36,101
36,5
36,30
37,39
38,39
39,101
39,5
39,30
39,102
40,39
41,102
41,16
42,32
42,102
43,102
44,88
44,102
45,102
45,60
46,102
46,45
46,30
46,47
47,102
47,45
47,79
47,101
48,5
48,102
49,102
50,102
51,4
51,105
52,102
52,101
52,16
53,32
53,102
54,102
55,102
56,102
57,102
58,102
59,102
60,19
60,36
61,102
62,101
62,102
63,102
64,16
65,102
66,36
67,102
68,102
68,19
68,36
69,102
70,102
71,45
71,102
72,102
72,16
73,102
74,102
75,102
76,102
77,102
77,32
78,102
79,102
80,102
81,102
82,101
82,102
83,102
84,102
85,102
86,102
87,30
88,39
89,101
89,16
89,102
90,39
91,39
92,69
93,39
94,39
95,39
96,39
97,39
98,39
99,39
100,39
101,39
102,39
103,39
104,39
105,39
106,39
107,39
108,39
109,102
110,102
110,101
111,102
112,102
113,102
114,102
115,39
116,39
116,65
117,102
118,67
118,5
118,30
118,102
119,45
119,11
119,34
120,30
121,91
122,20
123,102
123,47
124,69
125,60
126,101
126,102
127,95
127,101
127,5
128,101
129,88
130,102
131,39
132,69
133,30
134,16
134,102
135,39
136,4
137,101
138,4
138,91
139,69
140,102
141,102
142,102
143,102
143,69
144,97
145,102
146,102
147,102
147,101
148,12
148,102
149,102
149,16
150,102
150,16
151,102
151,60
152,102
153,102
154,102
155,102
155,16
156,102
156,101
157,102
158,102
159,102
160,102
161,102
161,16
162,102
163,91
163,101
163,102
164,101
164,102
165,102
166,102
167,102
167,32
168,102
168,19
169,102
170,102
171,102
172,102
172,30
173,91
173,30
173,101
173,102
174,102
175,102
176,102
177,69
178,76
179,102
180,39
181,30
181,44
181,32
181,102
181,101
182,102
183,5
184,101
185,39
186,39
187,67
188,69
189,102
190,81
191,102
192,98
193,102
194,102
195,102
196,102
197,102
198,102
199,102
200,40
201,102
201,16
202,45
203,102
203,16
204,102
204,95
205,36
205,16
205,102
206,50
206,102
207,102
208,102
209,102
210,30
210,16
210,102
210,91
211,69
212,76
213,5
214,30
214,66
214,84
215,39
216,39
217,27
218,57
219,40
220,39
221,39
222,39
223,69
224,89
224,22
225,89
226,5
226,102
227,102
228,102
228,32
229,102
230,102
231,102
232,102
233,102
233,32
234,102
235,102
236,106
237,101
237,9
238,102
238,19
239,102
239,19
240,102
241,101
241,5
241,102
242,30
242,47
242,102
243,102
244,102
245,102
246,102
246,101
247,102
248,101
248,102
249,101
250,102
251,102
252,102
253,102
253,32
254,32
254,102
255,102
256,102
257,102
257,101
258,102
259,102
260,102
261,102
262,102
263,101
263,32
263,91
263,102
264,102
265,101
265,102
265,30
265,45
266,102
267,102
267,32
267,16
268,102
268,30
268,45
268,101
269,102
269,101
269,32
269,37
270,102
270,16
271,102
271,67
272,69
273,102
273,67
274,102
275,102
276,102
277,102
278,30
279,52
280,102
280,16
281,102
282,11
283,69
284,79
285,79
286,79
287,102
288,101
289,102
290,69
291,52
291,96
292,75
293,16
294,102
295,32
296,102
297,45
298,102
299,102
300,102
301,102
302,102
303,102
304,102
305,39
306,102
306,39
307,75
307,84
307,40
308,19
308,102
308,16
309,102
310,52
310,100
311,106
312,16
312,102
312,23
313,100
314,102
315,69
316,60
316,30
316,20
317,102
317,101
318,101
318,102
319,69
320,102
321,101
322,89
323,88
324,91
325,60
326,94
327,100
328,75
329,102
330,102
331,102
332,102
333,102
334,16
334,102
335,11
336,102
336,16
337,102
338,102
339,102
340,102
341,102
342,102
343,102
344,69
345,102
346,102
347,102
348,102
349,102
350,102
351,32
351,102
351,30
352,47
353,16
353,102
354,102
354,12
355,102
356,102
357,102
358,102
359,101
359,30
359,32
359,102
360,102
361,102
362,102
363,101
364,102
365,102
366,102
367,102
368,102
369,102
370,98
371,4
372,96
372,30
372,52
372,78
373,45
374,102
375,39
376,102
377,27
378,102
379,102
380,102
381,102
382,39
383,102
384,39
385,39
386,9
386,66
387,102
388,88
389,59
390,16
390,88
391,6
392,102
393,101
394,39
395,60
395,11
396,30
396,102
397,91
398,102
399,39
400,102
401,19
402,99
403,39
404,102
405,39
406,101
406,102
407,32
407,30
408,102
409,102
410,102
411,102
412,102
413,102
414,102
415,102
416,101
416,30
416,91
416,102
417,101
417,102
418,101
418,16
418,102
419,102
420,102
420,5
421,102
422,19
423,101
424,102
424,30
425,102
425,101
425,30
426,102
427,102
427,80
428,102
428,101
428,67
429,102
430,102
431,102
432,16
433,30
433,102
434,102
435,39
436,102
436,101
437,11
438,102
439,102
440,91
441,39
442,39
443,99
444,99
445,99
446,99
447,99
448,99
449,99
450,91
451,99
452,99
453,99
454,98
455,99
456,99
457,27
458,69
459,99
460,47
461,32
461,102
462,16
462,69
462,102
463,60
464,30
464,102
464,101
464,16
465,102
466,39
467,39
468,39
469,39
469,101
470,39
471,39
472,39
473,39
474,102
475,102
476,16
476,102
476,60
477,102
478,75
479,32
480,101
480,32
480,102
481,102
482,22
482,101
482,102
483,102
484,39
485,102
486,47
487,102
488,102
489,47
490,102
491,102
492,102
493,19
493,97
494,98
495,39
496,19
497,102
498,89
499,69
500,39
501,102
502,102
503,40
504,39
505,15
506,102
507,102
507,16
508,102
509,19
510,102
510,16
511,101
511,102
512,102
513,69
514,39
515,66
516,30
517,102
517,101
517,30
518,102
519,102
520,39
521,39
522,102
522,16
523,102
523,16
524,47
524,102
525,102
526,39
527,102
528,102
529,102
530,47
531,102
532,102
532,47
533,102
534,40
535,27
535,81
536,101
536,30
536,76
536,32
536,102
537,102
538,102
539,39
540,102
541,102
541,101
542,43
542,95
542,101
542,30
542,102
543,101
544,102
545,19
545,101
546,101
546,88
546,30
547,102
548,102
549,43
549,101
549,30
549,32
550,99
551,91
552,39
553,45
554,80
554,102
555,88
556,89
557,101
557,102
557,30
558,47
559,97
560,102
561,19
562,69
563,102
564,11
565,102
566,101
566,102
567,102
568,101
569,69
570,102
571,101
571,102
572,32
573,102
574,39
575,102
575,39
575,101
576,99
577,49
578,99
579,99
580,99
581,99
582,102
583,99
584,91
584,4
585,40
586,102
587,30
588,39
588,101
588,30
588,78
589,39
590,20
591,69
592,30
593,40
594,102
595,102
596,102
597,102
598,39
599,102
600,102
600,101
601,32
602,102
603,102
604,102
604,32
605,9
605,30
606,102
607,91
608,4
608,18
609,102
609,98
610,102
611,39
612,18
612,11
613,32
614,40
615,47
616,102
617,39
618,102
619,16
619,102
619,101
620,97
621,102
622,101
622,102
623,39
624,39
625,39
626,102
627,102
628,39
629,102
630,102
631,69
632,101
633,91
634,39
635,102
636,60
637,91
638,40
639,102
640,94
641,76
642,102
643,30
644,102
645,102
645,14
645,79
646,19
647,30
648,8
649,97
650,102
651,89
652,45
653,19
654,76
655,91
655,9
655,102
656,60
657,102
658,101
659,102
660,101
660,102
660,5
661,75
662,102
663,77
663,102
664,102
665,91
666,102
667,101
668,40
669,102
670,39
671,5
671,102
672,69
673,77
673,91
674,102
674,30
675,39
675,102
676,102
677,101
677,43
678,102
679,102
680,102
681,101
681,91
681,102
682,102
682,98
683,102
684,11
685,37
685,102
686,102
687,102
687,89
688,102
689,39
690,102
691,89
692,40
693,40
694,102
695,4
696,101
697,30
698,39
699,39
700,16
700,102
700,17
701,39
702,39
702,30
703,91
704,40
705,30
705,16
706,16
706,37
706,102
707,30
708,39
709,102
710,70
711,102
712,102
712,16
713,102
714,102
715,102
716,102
717,102
718,102
719,101
720,102
721,102
722,16
722,101
722,102
723,102
724,101
724,32
724,30
724,102
725,89
726,102
727,102
728,39
729,40
730,40
731,97
732,102
733,102
733,16
734,102
735,30
735,2
736,16
737,39
738,75
739,102
740,40
741,40
742,75
743,102
744,102
745,97
746,102
747,102
748,66
749,101
750,102
751,102
751,101
752,27
753,101
754,102
755,102
756,102
757,57
758,39
759,57
760,57
761,20
762,16
763,40
764,75
765,75
766,102
767,11
768,75
768,16
768,101
768,102
769,102
770,102
771,102
772,39
773,16
774,43
774,30
774,38
774,102
774,60
774,9
774,101
774,36
775,102
776,102
777,102
778,39
779,16
779,102
780,75
781,75
782,75
783,75
784,45
785,84
786,102
787,102
788,102
789,102
790,97
791,16
792,102
793,32
794,102
795,102
796,75
797,30
797,9
798,11
799,75
800,38
801,76
802,102
802,30
802,83
803,102
804,102
804,45
805,102
806,101
807,102
808,102
809,36
809,102
810,5
810,102
811,102
811,58
811,30
811,101
812,102
812,19
812,16
813,75
814,75
815,102
816,102
817,102
818,102
819,102
820,91
821,45
822,89
823,75
824,102
825,102
826,75
827,101
828,101
828,102
829,16
830,39
831,69
832,102
833,102
834,4
835,102
836,102
837,27
838,102
839,102
839,80
840,49
841,102
842,102
843,39
844,39
845,39
846,39
847,75
848,39
849,39
850,39
851,102
852,75
853,39
854,102
854,47
855,102
856,101
856,102
857,102
857,16
858,102
859,16
860,102
861,102
862,39
863,102
864,45
865,91
866,75
867,75
868,102
869,39
870,4
871,102
871,16
872,11
873,6
874,69
875,97
876,91
876,30
876,16
877,102
878,102
879,75
880,16
881,75
882,102
883,16
884,39
885,32
886,47
887,16
887,102
888,102
889,102
890,102
891,16
892,102
893,102
893,19
893,20
894,102
895,101
895,30
895,32
895,102
896,91
896,98
896,102
897,102
898,102
899,11
900,70
901,102
902,101
903,69
904,39
905,30
906,60
906,91
907,75
908,102
909,102
910,76
911,102
912,97
913,39
914,43
914,55
914,9
915,5
916,11
917,19
917,102
918,102
919,70
920,75
921,101
922,75
923,16
923,9
924,102
925,16
925,101
926,101
927,16
928,102
929,52
930,52
931,52
932,52
932,100
932,30
932,95
932,32
933,52
934,30
934,9
934,45
935,52
936,52
936,102
936,100
937,52
937,30
938,30
938,52
939,30
939,52
939,101
940,30
940,70
940,52
940,9
941,52
942,52
942,16
942,30
943,94
943,22
943,101
943,23
943,66
944,102
945,101
946,49
947,102
948,60
948,91
949,102
949,101
949,39
950,102
950,80
951,102
952,102
953,27
954,40
954,66
955,40
956,97
957,102
958,39
959,101
960,39
961,39
962,39
963,39
964,39
965,102
966,39
967,99
967,89
968,102
969,30
970,4
971,102
972,80
973,102
974,101
975,16
976,102
977,102
977,101
978,16
979,99
980,99
981,69
982,39
983,45
984,99
985,102
986,60
987,57
988,83
988,102
989,102
990,88
991,102
992,67
993,102
993,101
994,81
995,102
995,12
996,102
997,64
998,101
998,49
999,102
1000,102
1001,102
1002,88
1002,102
1003,39
1004,39
1005,39
1006,39
1007,39
1008,39
1009,39
1010,39
1011,39
1012,39
1013,102
1013,39
1014,101
1015,102
1016,47
1017,47
1018,47
1019,47
1020,47
1021,47
1022,27
1023,39
1024,39
1025,39
1026,39
1027,39
1028,39
1029,40
1030,39
1031,30
1032,101
1033,102
1034,102
1035,91
1036,101
1036,30
1036,102
1036,9
1036,55
1036,19
1036,32
1037,101
1038,101
1039,30
1039,102
1040,102
1040,30
1040,16
1040,9
1041,69
1042,60
1043,102
1044,32
1044,19
1044,101
1045,39
1046,39
1047,39
1048,39
1049,39
1050,39
1051,102
1052,39
1053,99
1054,39
1055,39
1056,40
1057,27
1058,102
1059,39
1060,30
1061,4
1062,102
1063,89
1064,99
1065,101
1066,102
1067,88
1068,69
1069,75
1070,11
1071,40
1072,102
1073,32
1074,32
1074,102
1075,106
1076,36
1076,38
1076,102
1077,75
1078,66
1079,47
1079,102
1080,47
1081,102
1082,102
1083,39
1084,91
1085,102
1086,45
1087,102
1087,9
1087,16
1087,30
1088,101
1089,16
1090,39
1091,102
1092,102
1093,88
1093,3
1094,91
1095,102
1096,97
1097,102
1098,102
1098,75
1099,102
1100,102
1101,39
1102,60
1103,102
1104,89
1105,27
1106,4
1107,102
1108,69
1109,40
1110,101
1110,102
1111,102
1111,101
1111,16
1111,19
1112,39
1113,16
1114,102
1114,69
1115,101
1116,102
1117,30
1118,101
1118,102
1119,102
1119,30
1120,39
1121,102
1122,102
1123,102
1124,102
1124,16
1124,101
1125,32
1126,102
1127,102
1128,102
1129,103
1130,30
1131,102
1132,102
1133,102
1134,102
1135,102
1136,16
1137,99
1137,102
1138,16
1139,32
1140,39
1141,88
1142,102
1143,74
1143,32
1143,70
1144,39
1145,69
1146,63
1147,11
1147,30
1148,76
1149,102
1150,39
1151,19
1152,39
1153,19
1153,91
1153,89
1153,102
1154,102
1155,69
1156,91
1156,32
1157,47
1158,101
1158,102
1159,89
1160,88
1161,36
1161,19
1162,101
1163,30
1163,9
1163,55
1163,14
1164,69
1165,102
1166,30
1166,9
1167,69
1168,69
1169,45
1170,5
1171,88
1172,27
1173,102
1174,9
1175,67
1176,102
1177,102
1178,102
1178,30
1179,102
1179,19
1180,39
1181,39
1182,39
1183,39
1184,39
1185,39
1186,39
1187,39
1188,39
1189,39
1190,39
1191,98
1192,39
1193,39
1194,39
1195,39
1196,39
1197,39
1198,39
1199,102
1200,39
1201,39
1202,39
1203,39
1204,39
1205,39
1206,39
1207,39
1208,102
1209,40
1209,101
1210,95
1210,30
1210,9
1210,102
1211,33
1212,11
1213,45
1214,102
1214,16
1215,91
1216,99
1217,16
1218,102
1218,32
1218,16
1219,99
1220,101
1220,102
1221,102
1222,102
1222,60
1223,45
1224,102
1225,101
1225,69
1226,40
1227,69
1228,5
1229,102
1230,69
1231,75
1232,39
1233,39
1234,39
1235,39
1236,39
1237,18
1238,102
1239,39
1240,69
1241,102
1242,69
1243,39
1244,30
1244,27
1245,102
1246,30
1247,99
1248,27
1248,30
1249,30
1249,11
1249,91
1249,9
1250,47
1251,27
1251,2
1252,30
1252,27
1253,27
1254,27
1255,27
1256,75
1257,98
1258,27
1259,52
1260,27
1261,27
1262,16
1262,89
1262,102
1263,101
1263,102
1264,102
1265,69
1265,101
1266,102
1267,4
1267,91
1268,57
1269,69
1270,39
1271,40
1272,39
1273,102
1274,102
1275,47
1276,100
1276,48
1276,52
1276,81
1277,81
1278,102
1279,102
1280,89
1281,102
1282,76
1283,39
1284,39
1285,102
1286,27
1287,102
1288,39
1289,69
1290,102
1290,16
1291,102
1292,99
1293,99
1294,27
1295,102
1296,27
1297,27
1298,27
1299,27
1300,27
1301,27
1302,81
1302,100
1303,27
1304,27
1305,39
1306,108
1307,100
1308,47
1308,102
1309,102
1310,101
1310,32
1310,100
1310,67
1311,79
1311,102
1312,100
1313,39
1314,30
1314,27
1315,100
1316,100
1317,4
1318,60
1318,102
1319,5
1320,19
1321,102
1322,102
1323,40
1324,40
1325,69
1326,47
1327,102
1328,16
1329,40
1330,50
1331,18
1332,27
1333,27
1334,27
1335,27
1336,16
1336,69
1337,102
1338,101
1339,102
1340,60
1341,39
1342,27
1343,27
1344,27
1345,27
1346,27
1347,27
1348,102
1349,27
1350,27
1351,81
1351,66
1351,32
1351,48
1351,100
1351,102
1352,27
1353,69
1354,50
1355,52
1356,91
1357,30
1358,98
1359,40
1360,40
1361,100
1362,39
1363,60
1364,69
1365,50
1366,39
1367,102
1368,100
1369,102
1370,39
1371,39
1372,102
1373,102
1374,45
1375,101
1375,32
1375,102
1375,30
1376,100
1377,50
1378,19
1379,40
1380,102
1381,102
1382,39
1382,101
1382,19
1382,16
1382,47
1382,89
1382,102
1383,11
1384,39
1385,4
1386,102
1387,20
1388,102
1389,102
1390,102
1391,102
1392,102
1393,102
1394,30
1394,9
1395,102
1396,102
1397,88
1398,39
1399,39
1400,102
1401,102
1402,102
1402,101
1403,102
1404,11
1405,47
1406,97
1407,99
1408,69
1409,39
1410,99
1411,99
1411,39
1412,27
1413,99
1414,99
1415,45
1415,99
1416,99
1417,99
1418,99
1419,102
1420,27
1421,79
1422,39
1423,39
1424,39
1425,27
1426,101
1426,102
1426,47
1427,27
1428,30
1428,9
1428,102
1429,27
1430,27
1431,27
1432,27
1433,39
1434,39
1435,40
1436,40
1437,40
1438,89
1439,76
1440,69
1441,91
1442,16
1442,102
1442,101
1443,102
1444,39
1445,99
1446,30
1446,9
1447,32
1448,102
1449,91
1449,32
1450,103
1450,4
1451,30
1452,102
1452,101
1452,47
1453,102
1454,11
1455,102
1456,99
1457,75
1458,39
1459,39
1460,102
1461,69
1462,69
1463,16
1464,101
1464,45
1465,30
1466,102
1467,45
1468,102
1469,75
1470,102
1471,102
1472,102
1473,102
1474,102
1475,43
1475,101
1476,102
1477,102
1478,101
1478,30
1478,9
1478,16
1478,102
1479,47
1480,39
1481,39
1481,102
1482,39
1483,94
1484,39
1484,102
1485,39
1486,39
1487,39
1488,39
1489,39
1490,39
1491,39
1492,39
1493,39
1494,39
1495,39
1496,39
1497,39
1498,39
1499,39
1500,39
1501,66
1501,32
1501,23
1501,101
1502,102
1503,39
1504,102
1505,39
1506,102
1507,16
1508,39
1509,102
1510,16
1510,102
1511,39
1512,102
1513,102
1514,39
1515,16
1516,16
1517,16
1518,102
1519,37
1520,98
1521,102
1522,37
1523,91
1524,102
1525,60
1526,45
1527,102
1528,47
1528,102
1529,81
1530,102
1531,47
1532,102
1533,102
1534,39
1535,39
1536,88
1537,5
1538,102
1539,89
1539,102
1540,102
1541,99
1542,16
1542,102
1543,102
1544,88
1545,39
1546,30
1547,102
1548,102
1549,91
1550,69
1551,98
1552,79
1552,30
1552,95
1552,32
1553,102
1554,79
1555,91
1556,102
1556,16
1557,11
1558,102
1559,39
1560,88
1561,101
1562,102
1563,39
1564,102
1565,101
1565,102
1565,30
1566,102
1567,88
1568,102
1569,30
1570,102
1571,39
1572,47
1573,81
1574,69
1575,69
1576,69
1577,69
1578,69
1579,102
1580,102
1581,102
1582,16
1583,32
1584,39
1585,102
1586,39
1587,88
1588,30
1588,58
1588,102
1589,102
1590,102
1591,69
1592,102
1593,102
1594,101
1594,30
1594,9
1594,43
1594,102
1595,75
1596,76
1597,32
1598,88
1599,39
1600,69
1601,47
1602,98
1603,88
1604,102
1605,102
1606,40
1607,102
1608,102
1608,70
1608,16
1609,76
1609,102
1610,39
1611,33
1612,102
1613,39
1614,102
1615,49
1615,102
1616,102
1617,102
1618,102
1619,102
1620,102
1621,39
1622,91
1623,102
1624,39
1625,102
1626,16
1626,88
1627,30
1627,89
1627,47
1627,102
1628,66
1629,102
1630,39
1631,47
1632,30
1633,69
1634,102
1635,102
1636,30
1636,9
1637,39
1638,39
1639,39
1640,102
1641,97
1642,88
1643,102
1644,60
1645,97
1645,57
1646,103
1646,4
1646,32
1646,91
1647,102
1648,39
1649,39
1650,102
1651,102
1651,101
1651,30
1651,32
1651,47
1652,102
1653,102
1654,102
1654,30
1654,47
1655,102
1656,101
1656,30
1656,102
1657,47
1658,101
1658,102
1659,39
1660,91
1660,30
1660,102
1661,6
1662,102
1663,102
1664,76
1665,102
1666,39
1667,39
1668,101
1669,102
1670,102
1671,91
1672,60
1673,39
1674,40
1674,89
1674,84
1675,101
1676,102
1677,102
1677,89
1678,89
1678,102
1679,39
1680,102
1681,102
1681,91
1682,60
1682,91
1683,47
1684,40
1685,102
1686,39
1687,39
1688,102
1689,102
1690,47
1691,88
1692,4
1692,103
1692,83
1693,45
1694,102
1695,102
1696,47
1697,102
1698,44
1698,102
1699,30
1699,47
1700,102
1701,60
1702,102
1703,102
1704,5
1705,69
1706,69
1707,69
1708,101
1708,45
1709,102
1710,8
1711,101
1711,102
1711,32
1711,23
1711,9
1711,47
1712,39
1713,69
1714,39
1715,39
1716,39
1717,39
1717,32
1718,39
1719,39
1720,47
1721,39
1722,69
1723,39
1724,39
1725,39
1726,33
1727,39
1728,39
1729,39
1730,102
1731,69
1732,88
1733,97
1734,101
1735,39
1735,101
1735,16
1735,102
1736,27
1737,102
1738,102
1739,102
1740,39
1741,11
1742,69
1743,101
1743,102
1744,47
1745,69
1746,11
1747,69
1748,101
1748,69
1749,102
1750,102
1751,102
1752,39
1753,102
1754,75
1754,102
1755,39
1756,39
1757,101
1758,39
1759,98
1760,39
1761,30
1762,79
1762,12
1762,37
1763,103
1763,35
1764,39
1765,30
1765,82
1765,9
1766,69
1767,30
1768,88
1769,69
1770,69
1771,69
1772,102
1773,102
1774,39
1775,16
1775,70
1776,102
1777,102
1778,102
1779,39
1780,102
1781,30
1782,47
1783,102
1784,102
1785,102
1786,39
1787,60
1788,39
1789,102
1790,102
1791,101
1791,30
1792,102
1792,18
1793,101
1793,47
1793,102
1794,20
1795,4
1796,39
1797,39
1798,47
1799,91
1799,101
1800,39
1800,102
1801,47
1802,30
1803,102
1804,102
1805,102
1806,30
1807,39
1808,102
1809,19
1809,36
1810,11
1811,102
1812,102
1813,89
1814,102
1815,102
1816,39
1817,102
1818,102
1818,16
1819,102
1820,102
1820,89
1820,47
1821,102
1821,16
1822,102
1823,102
1824,102
1824,16
1825,102
1826,91
1827,102
1828,102
1829,101
1830,39
1831,102
1832,102
1833,102
1834,101
1834,37
1834,5
1835,45
1835,9
1836,60
1837,4
1838,97
1839,89
1840,39
1841,102
1842,101
1843,99
1844,102
1845,102
1846,95
1847,102
1848,84
1848,57
1849,102
1850,36
1850,19
1851,102
1852,101
1853,30
1853,9
1853,55
1853,79
1853,16
1853,102
1854,88
1854,69
1855,102
1856,99
1857,91
1858,69
1859,102
1860,69
1861,39
1862,40
1863,89
1864,102
1864,101
1865,102
1866,99
1867,16
1868,30
1869,99
1870,102
1871,102
1872,69
1873,47
1874,91
1874,30
1875,102
1876,102
1877,102
1878,40
1879,39
1880,99
1881,16
1881,102
1882,99
1883,102
1884,60
1885,89
1886,66
1887,102
1888,32
1888,102
1889,102
1890,102
1891,102
1892,101
1893,47
1894,99
1895,102
1895,16
1896,39
1897,36
1897,19
1898,102
1899,102
1900,39
1901,102
1902,39
1903,102
1904,91
1905,91
1906,99
1907,39
1908,101
1909,102
1910,102
1911,102
1912,39
1913,102
1914,102
1915,99
1916,19
1917,102
1918,102
1918,101
1919,39
1920,39
1921,39
1922,99
1923,71
1924,39
1925,47
1926,23
1926,11
1926,30
1926,77
1926,94
1927,102
1928,100
1929,20
1930,18
1931,91
1932,102
1933,11
1934,102
1935,102
1936,36
1937,39
1938,39
1939,19
1939,97
1940,39
1941,39
1941,99
1942,75
1943,101
1944,102
1945,102
1946,91
1947,39
1947,102
1948,97
1949,11
1950,39
1951,39
1952,102
1953,39
1954,102
1955,102
1956,89
1957,89
1958,39
1959,102
1960,75
1961,102
1962,102
1963,102
1964,102
1964,47
1965,60
1966,66
1967,39
1968,39
1969,16
1970,91
1971,75
1971,84
1972,30
1972,9
1973,4
1974,102
1975,102
1976,36
1977,36
1978,36
1978,19
1979,36
1979,19
1980,91
1981,102
1982,102
1983,39
1984,39
1985,102
1986,91
1987,97
1987,19
1987,30
1987,102
1988,32
1989,30
1989,102
1990,102
1991,102
1992,98
1993,39
1994,39
1995,20
1995,74
1995,101
1996,60
1997,101
1998,60
1999,39
2000,102
2001,98
2001,19
2001,102
2002,4
2002,102
2003,20
2004,47
2005,47
2006,39
2007,30
2008,102
2009,102
2010,102
2011,32
2012,39
2013,39
2014,11
2015,102
2016,102
2017,40
2018,102
2019,102
2020,103
2020,91
2020,60
2021,91
2022,5
2023,39
2024,30
2024,55
2024,16
2025,32
2026,39
2027,102
2028,32
2029,47
2030,66
2031,102
2032,39
2033,39
2034,79
2035,36
2036,39
2037,39
2038,19
2039,89
2040,6
2041,102
2042,102
2043,39
2044,102
2045,75
2046,45
2047,102
2048,102
2049,39
2050,101
2051,39
2052,102
2053,102
2054,67
2055,18
2055,4
2056,30
2057,36
2057,19
2058,91
2059,102
2060,97
2061,19
2062,60
2063,91
2064,102
2065,89
2066,102
2067,39
2068,102
2069,101
2070,102
2071,57
2072,39
2073,36
2074,102
2075,39
2076,20
2077,99
2078,39
2079,23
2080,39
2081,102
2082,45
2082,30
2083,101
2084,60
2085,101
2086,39
2087,39
2088,39
2088,30
2089,39
2090,39
2091,39
2092,39
2093,39
2094,102
2095,91
2096,99
2097,99
2098,102
2099,89
2100,11
2101,16
2101,32
2102,39
2103,102
2104,39
2105,102
2106,40
2107,39
2108,57
2109,102
2110,19
2111,71
2111,100
2112,102
2113,102
2114,33
2114,102
2115,39
2116,60
2116,29
2117,102
2118,40
2119,40
2120,102
2121,39
2122,91
2123,98
2124,91
2125,102
2126,75
2127,75
2128,75
2129,75
2130,75
2131,103
2132,39
2133,102
2134,102
2135,100
2135,101
2135,39
2136,30
2136,9
2137,45
2138,66
2138,9
2139,102
2140,102
2141,102
2142,102
2143,102
2143,97
2144,57
2145,75
2146,75
2147,75
2148,75
2149,75
2150,102
2151,100
2152,102
2153,30
2154,102
2155,102
2156,75
2157,75
2158,75
2159,75
2160,102
2161,75
2162,75
2163,47
2164,98
2165,30
2165,9
2166,16
2167,102
2167,30
2168,102
2169,101
2169,56
2170,73
2170,4
2171,102
2172,91
2172,30
2173,91
2173,30
2174,75
2175,75
2176,75
2177,75
2178,39
2179,75
2180,75
2181,75
2182,75
2183,75
2184,75
2185,102
2186,39
2187,91
2188,102
2189,39
2190,102
2191,30
2192,39
2193,89
2194,102
2195,16
2196,39
2197,101
2197,80
2197,102
2198,39
2199,39
2200,11
2201,39
2202,39
2203,39
2204,23
2205,39
2206,39
2207,39
2208,67
2209,39
2210,91
2211,102
2212,102
2213,102
2214,102
2215,91
2216,102
2217,101
2218,39
2219,97
2220,102
2221,102
2222,102
2223,57
2224,19
2224,36
2225,39
2225,71
2226,39
2227,89
2228,91
2229,40
2229,84
2230,39
2231,40
2232,40
2233,40
2234,75
2235,91
2235,9
2236,4
2236,91
2237,4
2238,99
2239,102
2240,11
2241,60
2242,39
2243,71
2244,39
2245,39
2246,71
2247,89
2248,102
2249,40
2250,40
2251,39
2252,75
2253,91
2254,102
2255,47
2256,39
2257,8
2258,98
2259,38
2259,94
2259,9
2260,69
2261,101
2262,98
2263,39
2264,102
2265,47
2266,39
2267,39
2268,102
2269,101
2270,101
2271,101
2272,102
2273,102
2274,102
2275,102
2276,47
2277,102
2278,101
2279,101
2280,102
2281,102
2282,103
2282,4
2282,91
2283,39
2284,91
2285,101
2285,43
2285,102
2286,30
2286,9
2287,102
2288,84
2289,47
2290,84
2291,84
2292,84
2293,39
2294,102
2295,39
2296,102
2297,39
2298,102
2299,102
2300,16
2300,32
2300,30
2300,102
2301,102
2302,101
2302,47
2303,102
2304,75
2305,102
2306,102
2307,39
2308,60
2308,102
2309,102
2310,45
2311,102
2312,101
2312,102
2313,5
2314,102
2315,71
2316,19
2316,36
2317,36
2318,70
2318,23
2318,66
2318,94
2319,36
2319,19
2320,36
2321,39
2322,57
2323,36
2324,36
2324,19
2325,5
2326,36
2326,19
2326,102
2327,19
2327,36
2328,36
2329,36
2330,39
2331,36
2332,19
2333,102
2334,43
2334,16
2335,60
2336,45
2336,95
2336,30
2336,32
2337,39
2338,39
2339,30
2340,60
2340,66
2341,102
2342,102
2343,91
2344,102
2344,16
2345,40
2346,40
2347,102
2348,102
2349,102
2350,30
2350,9
2351,102
2352,39
2353,16
2354,39
2355,40
2356,39
2357,39
2358,91
2359,75
2360,36
2361,32
2362,101
2362,102
2363,39
2364,11
2365,102
2366,30
2366,41
2366,102
2367,102
2368,39
2369,39
2370,39
2371,39
2372,39
2373,39
2374,39
2375,39
2376,16
2377,39
2378,101
2378,39
2379,39
2380,39
2381,102
2382,11
2383,39
2384,39
2385,39
2386,39
2387,39
2388,39
2389,39
2390,39
2391,39
2392,39
2393,102
2394,39
2395,39
2396,102
2397,39
2398,39
2399,39
2400,39
2401,39
2402,39
2403,39
2404,39
2405,39
2406,102
2407,102
2408,88
2409,39
2410,39
2411,91
2411,30
2412,75
2413,36
2413,19
2414,80
2414,76
2414,83
2415,91
2415,77
2416,39
2417,102
2418,102
2419,102
2420,74
2421,60
2421,4
2422,101
2422,16
2422,102
2422,17
2423,89
2424,39
2425,36
2425,19
2426,40
2426,102
2427,39
2428,102
2429,39
2430,39
2431,39
2432,101
2432,102
2433,91
2433,30
2434,40
2435,102
2435,44
2435,101
2435,16
2436,70
2436,38
2436,102
2437,102
2438,102
2439,57
2440,102
2441,101
2442,102
2443,101
2443,39
2443,102
2444,102
2445,102
2445,12
2446,102
2447,101
2448,101
2449,101
2450,101
2451,101
2452,101
2453,39
2454,16
2455,39
2456,39
2457,39
2458,39
2459,39
2460,39
2461,39
2462,39
2463,39
2464,39
2465,39
2466,39
2467,39
2468,39
2469,39
2470,39
2471,39
2472,39
2473,39
2474,39
2475,39
2476,39
2477,39
2478,39
2479,39
2480,39
2481,39
2482,39
2483,102
2484,102
2484,16
2485,102
2486,39
2487,39
2488,39
2489,39
2490,39
2490,102
2491,39
2492,39
2493,39
2494,39
2495,39
2496,39
2497,39
2498,39
2499,39
2500,39
2501,39
2502,39
2503,39
2504,39
2504,5
2505,39
2506,71
2507,102
2507,101
2508,11
2509,19
2510,102
2511,40
2512,101
2512,102
2513,102
2514,44
2514,102
2515,102
2516,45
2517,66
2518,19
2518,16
2518,102
2519,102
2520,9
2520,101
2520,102
2521,39
2522,101
2522,102
2523,97
2524,30
2524,9
2525,39
2526,39
2527,39
2528,39
2528,32
2528,6
2529,30
2530,91
2531,39
2532,39
2533,39
2534,102
2535,39
2536,16
2537,19
2538,102
2539,39
2540,39
2541,39
2542,39
2543,39
2544,91
2544,60
2545,102
2546,89
2547,39
2548,102
2548,39
2549,101
2549,30
2549,102
2550,102
2551,102
2552,4
2552,91
2553,39
2554,39
2555,39
2556,19
2556,47
2557,102
2558,39
2559,39
2560,39
2561,39
2562,39
2563,39
2564,39
2565,39
2566,39
2567,39
2568,39
2569,39
2570,39
2571,39
2572,39
2573,39
2574,39
2575,39
2576,39
2577,102
2578,4
2578,30
2579,5
2580,5
2581,30
2581,9
2582,60
2583,102
2584,39
2585,102
2586,91
2587,19
2587,102
2587,101
2588,11
2589,91
2590,47
2591,5
2592,102
2593,102
2594,60
2595,89
2596,4
2597,102
2598,91
2599,30
2599,55
2599,102
2600,102
2601,102
2602,102
2603,102
2604,19
2604,102
2604,5
2605,39
2606,102
2607,39
2608,39
2609,102
2610,39
2611,39
2612,39
2613,60
2614,39
2615,39
2616,102
2617,91
2618,101
2619,18
2620,20
2620,60
2621,102
2622,102
2623,47
2624,30
2625,102
2625,16
2625,43
2626,19
2627,5
2628,39
2629,44
2630,102
2631,91
2632,18
2632,74
2633,102
2634,5
2635,60
2636,39
2637,98
2638,102
2639,32
2640,91
2641,4
2642,102
2643,102
2644,102
2645,88
2646,102
2647,39
2648,47
2649,102
2650,102
2651,60
2652,101
2652,102
2653,102
2654,32
2655,102
2656,16
2656,47
2656,102
2657,101
2657,16
2657,102
2657,32
2658,30
2659,45
2659,95
2659,1
2659,76
2660,60
2661,19
2661,36
2662,91
2663,20
2664,14
2665,39
2666,39
2667,102
2668,4
2668,91
2669,102
2670,16
2671,91
2672,39
2673,102
2674,91
2675,39
2676,30
2677,102
2678,91
2679,102
2680,32
2681,102
2682,11
2683,89
2684,102
2685,102
2686,16
2686,102
2687,11
2688,102
2688,16
2688,40
2688,101
2688,19
2688,84
2689,102
2690,30
2691,20
2692,101
2693,102
2694,102
2695,91
2695,20
2696,102
2697,102
2698,60
2698,102
2699,4
2700,12
2701,30
2702,39
2703,4
2703,11
2703,30
2703,76
2703,32
2703,23
2704,39
2705,102
2706,39
2707,39
2708,39
2709,39
2710,39
2711,101
2712,102
2713,102
2714,60
2715,101
2715,91
2715,102
2715,32
2716,16
2717,16
2718,101
2719,75
2719,78
2720,102
2721,66
2721,9
2721,32
2721,48
2722,102
2723,102
2724,39
2725,100
2725,102
2726,47
2727,94
2728,76
2729,89
2730,101
2731,102
2732,47
2733,102
2734,12
2734,102
2735,102
2736,4
2737,18
2738,16
2739,102
2740,39
2741,39
2742,39
2743,102
2744,32
2745,39
2746,91
2747,39
2748,16
2749,16
2750,16
2751,16
2752,16
2753,39
2754,39
2755,89
2756,102
2757,91
2758,101
2758,32
2759,89
2760,47
2761,4
2762,102
2763,102
2764,39
2765,102
2766,101
2766,16
2767,102
2768,102
2769,37
2770,89
2771,102
2772,32
2773,102
2774,91
2775,102
2776,84
2777,4
2778,12
2778,102
2779,20
2780,102
2781,102
2782,102
2783,16
2783,102
2784,101
2785,20
2786,47
2787,90
2787,39
2788,39
2789,5
2789,100
2790,22
2790,102
2791,102
2792,102
2793,39
2794,102
2795,47
2796,102
2797,47
2798,102
2799,102
2800,16
2801,30
2802,32
2803,102
2804,102
2805,102
2806,101
2807,102
2808,4
2809,16
2810,60
2810,102
2811,101
2812,102
2813,39
2814,102
2815,89
2815,19
2815,102
2816,102
2817,102
2818,39
2819,39
2819,90
2820,102
2821,102
2822,39
2823,47
2823,102
2824,102
2825,39
2825,60
2826,31
2826,32
2826,30
2827,30
2828,100
2828,79
2829,102
2830,39
2831,91
2832,102
2833,5
2833,16
2834,102
2835,102
2836,102
2837,16
2837,102
2838,102
2839,102
2840,16
2841,47
2842,60
2843,11
2844,102
2845,102
2846,39
2847,39
2848,91
2849,100
2850,32
2851,19
2852,102
2853,102
2854,102
2855,16
2856,102
2857,102
2858,102
2859,101
2860,102
2861,102
2862,30
2863,102
2864,39
2865,39
2866,67
2867,39
2867,57
2868,32
2868,48
2868,66
2869,99
2869,30
2869,32
2869,76
2870,60
2871,102
2872,102
2873,81
2874,91
2875,102
2876,102
2877,89
2878,91
2879,16
2880,70
2880,32
2881,60
2882,102
2883,102
2884,30
2884,62
2885,102
2886,16
2887,91
2887,4
2888,102
2889,102
2890,102
2891,102
2891,16
2892,14
2892,102
2893,102
2894,102
2895,102
2896,18
2897,102
2898,102
2899,39
2900,47
2901,47
2902,102
2903,39
2904,39
2905,102
2906,39
2907,39
2908,32
2909,30
2910,39
2910,90
2911,4
2911,91
2912,19
2913,101
2913,45
2913,44
2913,74
2913,102
2914,4
2914,103
2914,91
2914,30
2915,4
2916,102
2917,102
2918,5
2919,102
2920,102
2921,102
2922,101
2922,30
2922,102
2922,9
2923,102
2924,102
2925,102
2926,102
2927,60
2928,102
2929,102
2930,102
2931,39
2932,39
2933,102
2934,30
2934,16
2934,19
2934,14
2935,60
2936,102
2937,101
2937,30
2937,9
2937,102
2938,91
2938,32
2939,43
2940,102
2941,102
2942,5
2943,18
2943,30
2944,30
2945,102
2946,102
2947,39
2948,102
2949,91
2950,91
2951,102
2952,102
2953,102
2954,102
2955,16
2956,102
2957,30
2958,99
2959,5
2960,39
2961,66
2962,39
2963,39
2964,39
2965,91
2966,39
2967,91
2968,89
2968,102
2969,102
2970,102
2971,102
2972,39
2973,102
2974,102
2975,45
2975,102
2976,39
2977,11
2978,101
2979,102
2980,89
2981,16
2981,102
2982,39
2983,40
2984,91
2985,89
2986,39
2987,101
2988,102
2989,101
2990,101
2991,39
2992,102
2993,11
2994,30
2994,101
2994,39
2995,39
2996,39
2997,39
2998,91
2999,101
3000,102
3001,39
3002,39
3003,102
3004,30
3005,47
3006,11
3007,102
3008,39
3009,39
3010,102
3011,39
3012,22
3012,85
3013,32
3013,102
3014,102
3015,101
3016,30
3016,16
3017,102
3018,102
3019,60
3020,102
3021,102
3022,84
3022,30
3023,39
3024,39
3025,30
3025,9
3026,30
3026,9
3027,16
3028,39
3029,16
3030,91
3030,95
3031,102
3032,16
3032,102
3033,39
3034,88
3034,102
3034,32
3035,94
3036,102
3037,102
3038,102
3039,102
3040,32
3041,32
3042,32
3043,45
3044,69
3045,30
3045,9
3046,91
3047,102
3048,60
3049,102
3050,102
3051,91
3051,4
3052,102
3053,11
3054,102
3055,39
3056,102
3057,39
3058,39
3059,91
3060,4
3061,91
3062,101
3063,102
3064,102
3065,11
3066,102
3067,102
3068,102
3069,102
3070,102
3071,89
3072,101
3072,47
3072,102
3073,39
3074,16
3075,101
3076,39
3077,102
3078,77
3078,91
3079,102
3080,99
3081,102
3082,39
3083,102
3084,39
3085,11
3086,11
3087,102
3088,102
3089,91
3090,102
3091,91
3091,45
3091,4
3092,39
3093,32
3094,91
3095,18
3095,91
3095,4
3095,32
3096,102
3097,101
3098,101
3098,102
3099,102
3100,60
3101,102
3102,39
3103,39
3104,39
3105,91
3106,91
3107,16
3107,102
3108,102
3109,60
3110,30
3111,101
3112,11
3113,102
3114,30
3115,39
3116,102
3117,102
3118,32
3119,6
3119,22
3120,32
3121,32
3122,102
3123,52
3123,78
3124,102
3125,101
3125,48
3125,78
3125,41
3126,102
3127,102
3128,16
3129,102
3130,102
3131,39
3132,102
3133,30
3133,9
3134,39
3135,60
3136,60
3137,102
3138,30
3138,89
3138,47
3139,102
3140,102
3141,102
3142,32
3143,101
3144,101
3145,44
3145,32
3145,30
3146,60
3147,102
3148,102
3149,102
3149,37
3150,102
3151,102
3152,102
3153,102
3154,30
3155,16
3155,102
3156,102
3157,39
3158,102
3159,74
3160,39
3161,102
3162,102
3163,39
3164,60
3165,102
3166,102
3167,39
3168,60
3169,102
3170,102
3171,30
3171,78
3172,32
3173,39
3174,102
3175,102
3176,102
3177,101
3178,102
3179,91
3180,16
3181,16
3181,102
3182,101
3182,32
3182,16
3183,30
3184,30
3184,9
3185,30
3186,91
3187,102
3188,30
3189,47
3190,47
3191,47
3192,30
3193,102
3194,102
3195,102
3196,102
3197,43
3197,88
3198,102
3199,67
3200,11
3201,39
3202,18
3202,102
3202,30
3203,91
3204,102
3204,16
3205,102
3206,66
3207,39
3208,102
3209,45
3210,102
3211,16
3211,102
3212,102
3213,102
3214,102
3215,102
3216,102
3217,102
3218,102
3219,102
3220,102
3221,102
3222,102
3223,102
3224,101
3225,102
3226,102
3227,102
3228,16
3229,39
3229,101
3230,47
3231,102
3232,39
3233,60
3234,102
3235,19
3235,36
3236,102
3237,102
3238,102
3239,16
3239,101
3239,102
3240,9
3240,30
3240,66
3241,102
3242,102
3243,16
3244,101
3245,101
3246,102
3247,19
3247,102
3248,102
3249,102
3250,60
3251,36
3251,19
3252,36
3252,19
3253,102
3254,102
3255,102
3256,102
3257,16
3258,102
3259,102
3260,102
3261,102
3262,102
3263,102
3264,102
3265,102
3266,102
3267,102
3268,102
3269,102
3270,102
3271,102
3272,102
3273,102
3274,102
3275,102
3276,102
3277,102
3278,60
3279,102
3280,102
3281,102
3282,102
3283,102
3284,102
3285,102
3286,102
3287,102
3288,102
3289,102
3289,10
3289,26
3290,102
3291,102
3292,101
3292,27
3292,102
3293,102
3294,102
3295,102
3296,102
3297,102
3298,102
3299,102
3300,102
3301,102
3302,102
3303,102
3304,102
3305,102
3306,102
3307,102
3308,102
3308,30
3308,101
3309,91
3309,60
3309,30
3310,102
3311,23
3312,102
3313,102
3314,102
3315,102
3316,39
3317,39
3318,69
3319,70
3319,38
3319,102
3320,39
3321,39
3322,39
3323,39
3324,16
3325,38
3326,99
3327,102
3328,102
3329,102
3330,102
3330,88
3331,102
3332,102
3333,102
3334,36
3334,19
3334,84
3335,102
3336,102
3336,32
3337,102
3338,102
3339,102
3340,102
3341,101
3342,102
3343,102
3344,102
3345,88
3345,19
3345,102
3346,4
3347,101
3348,102
3349,102
3350,40
3351,27
3352,102
3353,23
3353,30
3353,76
3354,102
3355,102
3356,102
3357,102
3358,102
3359,40
3360,67
3360,101
3361,39
3362,102
3363,39
3364,71
3365,102
3365,19
3366,39
3367,102
3368,102
3368,101
3369,101
3369,102
3370,102
3371,66
3371,23
3371,88
3372,16
3372,102
3373,39
3374,102
3375,102
3376,102
3377,102
3378,102
3379,100
3379,102
3380,102
3381,66
3382,101
3383,102
3384,102
3385,16
3386,39
3387,41
3387,30
3388,102
3388,101
3388,30
3389,102
3390,44
3390,102
3391,102
3392,102
3393,102
3394,39
3395,102
3396,16
3397,102
3398,99
3399,39
3400,39
3401,39
3402,39
3403,39
3404,39
3405,39
3406,89
3407,102
3408,101
3408,102
3408,30
3408,32
3409,4
3410,60
3411,16
3412,102
3412,101
3413,102
3414,99
3414,102
3415,16
3416,30
3417,5
3417,30
3418,39
3419,16
3419,102
3420,102
3421,102
3421,18
3422,101
3423,39
3424,102
3425,39
3426,39
3427,102
3427,12
3428,91
3429,102
3430,102
3431,102
3432,102
3433,43
3433,101
3433,102
3434,91
3434,45
3435,102
3436,102
3437,102
3438,101
3439,101
3439,30
3439,32
3440,102
3440,32
3440,16
3441,102
3442,102
3442,39
3443,102
3444,101
3445,39
3446,27
3447,102
3448,102
3449,102
3450,102
3451,102
3452,16
3453,16
3453,55
3454,102
3455,101
3455,102
3456,102
3457,102
3457,16
3458,102
3459,101
3460,102
3461,102
3462,102
3463,102
3464,27
3465,102
3466,27
3467,39
3468,91
3469,102
3470,102
3471,102
3472,39
3472,32
3473,39
3474,102
3475,11
3475,66
3475,102
3475,20
3475,6
3475,32
3476,102
3477,27
3478,102
3479,39
3480,102
3481,102
3481,16
3482,30
3482,16
3482,9
3483,102
3484,27
3485,40
3486,102
3487,101
3487,102
3488,102
3489,102
3490,102
3491,89
3492,102
3493,16
3494,102
3494,16
3495,101
3496,18
3497,101
3498,12
3498,102
3498,91
3498,16
3499,102
3500,94
3500,66
3501,39
3502,39
3503,99
3504,30
3504,102
3504,60
3505,11
3506,16
3507,102
3508,5
3508,101
3508,100
3508,16
3509,102
3510,102
3511,84
3511,102
3512,102
3512,16
3513,39
3514,102
3515,102
3516,102
3517,102
3518,71
3519,99
3520,102
3521,102
3522,98
3523,98
3524,98
3525,91
3526,39
3527,102
3528,102
3529,102
3530,102
3531,102
3532,102
3533,102
3533,16
3534,102
3534,16
3535,102
3536,102
3537,102
3538,18
3539,39
3540,102
3541,102
3541,30
3542,102
3543,39
3544,39
3545,102
3545,5
3546,102
3547,101
3547,102
3548,102
3549,102
3550,40
3551,27
3552,101
3552,43
3553,102
3554,102
3555,102
3556,39
3557,101
3558,16
3559,102
3560,102
3561,102
3562,99
3563,102
3564,39
3565,27
3566,102
3566,39
3567,39
3567,41
3568,39
3569,39
3570,39
3571,39
3572,102
3573,102
3574,102
3574,32
3575,102
3576,23
3577,102
3578,101
3579,102
3580,101
3580,30
3581,102
3582,39
3583,39
3584,16
3585,102
3586,106
3587,91
3588,39
3589,102
3590,102
3590,101
3591,102
3592,102
3593,102
3594,4
3594,91
3595,102
3596,102
3597,102
3598,5
3598,102
3599,30
3600,30
3601,102
3602,30
3602,9
3602,91
3603,102
3604,102
3605,102
3605,30
3606,32
3606,102
3607,102
3608,102
3609,16
3610,23
3610,94
3610,44
3610,102
3611,39
3612,101
3613,102
3613,38
3614,102
3615,102
3616,66
3617,102
3618,39
3619,102
3620,101
3620,80
3621,16
3621,102
3622,11
3623,102
3624,102
3625,102
3626,102
3626,44
3626,45
3626,88
3627,102
3628,39
3629,5
3630,102
3631,102
3632,102
3633,19
3634,16
3635,16
3636,16
3637,40
3637,84
3638,102
3639,102
3640,89
3640,47
3641,102
3642,102
3643,9
3643,30
3644,102
3645,40
3646,4
3647,101
3647,71
3648,39
3649,60
3649,102
3650,102
3651,102
3652,102
3653,102
3654,102
3654,101
3655,39
3656,43
3657,75
3658,101
3658,102
3658,5
3659,102
3660,102
3661,102
3661,60
3662,101
3662,22
3662,102
3662,32
3662,7
3663,36
3664,36
3665,102
3666,102
3666,5
3667,70
3668,39
3669,102
3670,39
3671,39
3672,39
3673,71
3674,32
3674,92
3675,102
3676,40
3677,102
3677,94
3678,101
3678,102
3679,102
3680,102
3681,39
3682,102
3683,36
3683,19
3684,102
3685,39
3685,30
3686,102
3687,39
3688,39
3689,102
3690,69
3691,102
3692,19
3693,102
3693,39
3693,8
3694,101
3694,102
3695,102
3695,16
3695,30
3696,102
3697,102
3698,16
3698,102
3699,102
3700,102
3701,102
3702,4
3703,71
3704,39
3705,102
3706,11
3706,30
3706,32
3707,101
3708,102
3709,102
3709,101
3709,5
3710,102
3711,102
3712,102
3713,102
3714,102
3715,101
3715,102
3716,32
3716,102
3716,36
3716,84
3717,30
3717,32
3717,95
3718,102
3719,102
3719,32
3720,102
3721,39
3722,39
3723,32
3723,30
3723,55
3723,101
3723,102
3724,39
3725,16
3725,102
3725,101
3726,39
3727,101
3727,16
3727,45
3728,102
3729,106
3730,43
3731,99
3732,39
3733,102
3734,16
3735,102
3736,16
3737,102
3738,102
3738,32
3739,39
3740,97
3740,36
3740,102
3740,19
3741,102
3742,102
3743,39
3744,99
3745,102
3746,102
3747,102
3748,4
3749,39
3750,102
3750,39
3751,102
3752,32
3752,5
3753,32
3754,102
3755,102
3756,39
3757,101
3757,76
3757,102
3758,102
3758,101
3758,30
3759,39
3760,39
3761,101
3761,102
3762,102
3763,66
3764,102
3765,101
3766,39
3767,102
3768,102
3769,39
3770,102
3771,16
3772,102
3773,102
3774,101
3775,39
3776,102
3777,102
3778,102
3779,102
3780,102
3781,27
3782,101
3782,88
3783,102
3784,29
3784,94
3784,70
3784,51
3784,32
3785,16
3786,39
3787,39
3788,19
3788,36
3789,101
3790,30
3790,9
3791,101
3791,102
3792,39
3793,102
3794,36
3795,102
3796,102
3797,88
3797,102
3797,67
3797,16
3798,102
3798,45
3798,101
3798,53
3799,102
3800,102
3801,102
3802,23
3802,30
3802,9
3802,45
3802,66
3802,102
3802,101
3803,102
3804,102
3805,102
3805,5
3805,60
3806,30
3807,30
3808,30
3809,101
3810,101
3811,102
3812,102
3813,101
3813,22
3813,32
3813,102
3814,36
3815,102
3816,102
3817,30
3817,19
3817,47
3817,102
3818,102
3819,102
3820,102
3821,102
3822,102
3823,32
3823,9
3824,71
3824,70
3824,102
3825,39
3826,102
3827,101
3828,102
3829,102
3830,102
3831,102
3832,102
3833,39
3834,39
3835,39
3836,39
3837,102
3837,16
3837,9
3837,101
3838,105
3839,66
3840,102
3841,30
3842,101
3843,102
3844,40
3845,5
3846,102
3847,39
3848,102
3849,16
3849,91
3849,30
3850,102
3851,16
3852,36
3852,102
3853,102
3853,40
3854,102
3855,76
3856,4
3857,60
3858,45
3859,102
3860,101
3860,102
3861,102
3862,91
3862,30
3862,45
3863,102
3864,101
3865,102
3866,102
3867,102
3868,102
3869,99
3870,99
3871,99
3872,102
3873,102
3874,39
3875,102
3876,102
3877,32
3878,102
3879,39
3880,27
3881,101
3882,102
3883,102
3884,102
3885,69
3886,101
3887,102
3888,102
3889,40
3890,102
3891,102
3891,16
3892,102
3892,32
3893,45
3893,30
3894,39
3895,102
3896,101
3896,16
3896,102
3897,101
3898,102
3899,36
3900,16
3900,102
3901,27
3902,102
3903,36
3904,100
3904,102
3904,101
3905,102
3906,60
3907,101
3908,102
3909,102
3910,101
3911,102
3912,32
3912,102
3913,101
3914,102
3914,32
3915,102
3915,11
3916,102
3917,102
3918,102
3918,30
3918,60
3919,102
3919,68
3920,27
3921,102
3922,102
3923,102
3924,32
3925,27
3926,30
3926,101
3926,102
3927,102
3928,101
3928,102
3928,91
3928,32
3928,34
3928,16
3929,102
3930,16
3930,102
3931,106
3932,102
3932,101
3933,102
3934,11
3934,30
3935,80
3936,40
3937,102
3937,45
3938,40
3939,40
3940,47
3940,102
3941,39
3942,39
3943,102
3943,5
3944,45
3944,16
3944,30
3945,102
3946,101
3946,102
3947,102
3948,102
3949,39
3950,98
3950,102
3951,47
3952,102
3952,5
3953,47
3954,47
3955,39
3956,40
3957,102
3958,101
3958,23
3958,16
3958,21
3959,75
3960,102
3961,102
3962,19
3962,36
3963,102
3964,102
3965,101
3966,39
3967,101
3967,102
3968,102
3969,5
3970,39
3971,102
3972,99
3973,102
3974,102
3975,102
3976,27
3977,102
3977,30
3977,101
3977,47
3978,102
3978,101
3978,23
3978,94
3979,102
3980,102
3981,102
3981,16
3982,102
3982,101
3983,102
3983,101
3983,45
3984,102
3984,30
3984,16
3984,91
3985,39
3986,32
3986,102
3987,39
3988,102
3989,102
3990,102
3991,69
3992,101
3993,18
3994,99
3995,99
3996,99
3997,102
3997,101
3997,16
3998,102
3998,47
3999,102
4000,39
4001,102
4002,27
4003,102
4004,102
4005,101
4006,102
4007,60
4008,101
4009,80
4009,102
4009,19
4010,102
4011,102
4011,16
4011,32
4012,102
4013,102
4013,16
4014,102
4015,102
4016,39
4017,102
4018,5
4019,102
4020,43
4020,102
4021,102
4021,100
4022,102
4023,102
4024,5
4025,102
4026,102
4027,102
4028,102
4028,19
4029,102
4030,102
4031,102
4032,102
4033,102
4034,39
4035,102
4036,36
4036,19
4037,102
4038,39
4039,19
4040,101
4041,39
4041,102
4042,39
4043,102
4044,71
4045,99
4046,5
4047,102
4047,43
4048,98
4049,98
4050,39
4051,102
4052,102
4053,102
4054,39
4055,102
4056,102
4056,88
4057,102
4057,16
4058,39
4059,102
4060,102
4061,101
4062,102
4063,76
4064,102
4065,102
4065,16
4066,102
4066,16
4067,86
4067,21
4067,32
4067,22
4067,78
4068,102
4068,101
4069,102
4070,60
4070,102
4071,102
4072,102
4073,39
4074,102
4075,39
4076,39
4077,101
4078,16
4079,102
4079,91
4079,32
4080,102
4081,102
4082,102
4083,4
4084,39
4084,47
4085,101
4086,102
4087,102
4088,19
4089,101
4090,102
4091,102
4092,98
4093,101
4093,30
4093,9
4094,102
4095,102
4096,16
4096,43
4096,102
4097,19
4097,36
4098,39
4099,102
4099,30
4100,102
4101,102
4101,32
4102,30
4103,102
4104,101
4104,102
4104,24
4105,99
4106,83
4106,102
4107,39
4108,101
4108,102
4109,102
4110,39
4111,102
4112,102
4113,102
4114,102
4115,102
4116,102
4117,32
4117,102
4118,32
4118,101
4118,102
4119,39
4120,60
4121,102
4122,16
4123,47
4124,47
4125,47
4126,102
4127,88
4127,32
4127,66
4127,30
4128,39
4129,39
4130,102
4131,102
4132,39
4133,39
4134,102
4135,91
4136,27
4137,102
4138,39
4139,30
4139,9
4140,102
4140,43
4141,102
4142,106
4143,39
4144,39
4145,39
4146,71
4147,102
4148,76
4149,102
4150,102
4151,43
4151,102
4151,30
4152,102
4153,102
4154,102
4155,102
4156,39
4157,102
4158,101
4159,39
4160,39
4161,102
4162,102
4163,102
4164,102
4165,102
4165,5
4166,32
4166,102
4166,16
4167,36
4168,102
4169,101
4169,32
4169,16
4169,102
4170,39
4171,39
4172,39
4173,39
4174,39
4175,39
4176,102
4176,30
4176,16
4176,52
4176,78
4177,39
4178,101
4179,39
4180,39
4181,102
4182,39
4183,102
4184,39
4185,39
4186,102
4187,102
4188,102
4189,102
4190,102
4191,39
4192,39
4193,39
4194,39
4195,39
4196,102
4197,102
4198,102
4199,75
4200,66
4200,9
4200,101
4200,102
4201,102
4201,47
4202,102
4203,101
4204,30
4205,102
4206,102
4207,102
4208,102
4209,37
4210,101
4211,102
4212,102
4212,16
4213,102
4214,30
4214,9
4214,19
4214,102
4215,39
4216,102
4217,57
4218,102
4218,18
4218,44
4219,102
4220,102
4220,101
4220,5
4221,101
4222,101
4222,70
4222,23
4222,32
4222,94
4223,39
4224,70
4224,23
4224,94
4225,39
4226,102
4227,102
4228,102
4229,39
4230,36
4230,19
4230,102
4231,60
4231,102
4232,102
4233,19
4233,39
4233,65
4234,101
4235,99
4236,39
4237,102
4238,39
4239,4
4240,102
4241,45
4242,20
4242,60
4242,102
4243,39
4244,98
4245,36
4246,102
4247,39
4248,102
4248,60
4249,102
4250,101
4250,89
4251,102
4251,30
4252,30
4253,102
4253,43
4254,102
4255,102
4256,102
4257,39
4258,102
4258,16
4259,102
4259,5
4260,19
4261,36
4262,102
4263,23
4264,102
4264,45
4265,102
4266,99
4267,102
4268,102
4269,16
4270,36
4271,102
4272,60
4273,102
4274,102
4274,39
4275,27
4276,36
4277,5
4278,5
4279,102
4279,34
4279,11
4280,102
4281,102
4282,102
4283,102
4284,101
4285,101
4285,102
4286,30
4286,102
4287,60
4288,102
4289,101
4289,102
4290,101
4291,16
4292,36
4293,32
4294,39
4295,102
4296,36
4297,39
4298,36
4299,102
4300,27
4301,40
4302,32
4302,101
4303,102
4304,36
4305,4
4306,39
4307,39
4308,4
4308,18
4308,74
4309,39
4310,39
4310,30
4311,102
4312,39
4313,5
4313,102
4314,102
4315,102
4316,36
4317,39
4318,102
4319,18
4320,45
4321,30
4321,9
4322,30
4323,70
4324,39
4325,36
4326,39
4327,39
4328,39
4329,102
4330,102
4330,19
4330,36
4331,101
4331,30
4332,39
4333,39
4334,102
4335,102
4336,102
4337,101
4338,101
4339,39
4340,39
4341,101
4342,16
4342,102
4343,39
4344,102
4345,36
4345,19
4346,102
4347,102
4348,102
4349,47
4350,102
4350,101
4351,39
4352,89
4353,4
4354,39
4355,102
4356,36
4357,27
4358,102
4359,39
4360,60
4361,16
4362,102
4363,16
4364,76
4364,107
4365,39
4366,102
4367,89
4368,102
4369,102
4370,16
4370,91
4371,40
4372,69
4373,39
4374,101
4375,102
4375,14
4376,102
4376,34
4377,102
4378,39
4379,16
4379,102
4380,102
4380,16
4381,39
4382,47
4383,70
4383,101
4383,30
4383,43
4384,102
4385,102
4386,102
4387,101
4387,76
4388,57
4389,102
4390,39
4391,102
4392,102
4393,69
4394,19
4394,16
4394,102
4395,102
4396,102
4396,91
4397,102
4398,16
4399,27
4400,32
4400,101
4401,102
4402,102
4403,102
4404,102
4405,102
4406,102
4407,102
4408,102
4409,102
4410,102
4411,102
4412,102
4413,102
4413,32
4414,101
4414,102
4415,102
4416,30
4416,9
4417,71
4417,102
4418,32
4418,102
4419,39
4420,39
4421,102
4422,102
4423,102
4424,44
4424,94
4424,32
4424,66
4425,36
4426,102
4427,27
4428,102
4429,39
4430,30
4431,102
4432,102
4433,102
4434,16
4435,39
4436,102
4437,27
4438,102
4439,16
4440,95
4440,30
4441,102
4441,16
4442,102
4442,16
4443,36
4444,101
4445,102
4446,98
4447,101
4447,102
4448,39
4449,102
4449,60
4450,43
4451,39
4452,102
4453,47
4454,102
4455,102
4456,102
4457,39
4458,102
4459,102
4460,18
4460,4
4460,30
4460,91
4460,102
4461,102
4462,102
4463,102
4464,39
4465,102
4466,102
4467,102
4468,102
4468,5
4469,39
4470,18
4471,102
4472,102
4473,39
4473,102
4474,102
4474,39
4474,89
4474,19
4475,102
4476,102
4477,102
4478,102
4479,102
4480,102
4481,102
4482,102
4483,102
4484,102
4485,102
4486,102
4487,102
4488,102
4489,102
4490,102
4491,102
4492,101
4492,16
4493,23
4493,32
4493,9
4493,101
4493,30
4494,23
4494,32
4494,9
4494,101
4494,30
4494,94
4495,101
4496,102
4497,30
4497,95
4497,91
4497,102
4497,100
4498,5
4499,102
4500,102
4501,102
4502,91
4503,102
4504,98
4505,98
4506,102
4507,27
4508,36
4509,11
4509,39
4509,19
4509,102
4510,39
4511,102
4512,102
4513,102
4514,101
4515,45
4515,102
4516,98
4517,102
4518,102
4519,39
4520,23
4520,30
4520,102
4520,94
4521,5
4521,42
4522,102
4523,89
4524,19
4524,36
4525,19
4525,62
4525,36
4526,102
4527,36
4528,39
4529,5
4529,100
4530,39
4531,101
4532,16
4532,102
4532,32
4533,101
4534,101
4534,98
4535,39
4536,102
4537,39
4538,98
4539,102
4540,102
4541,36
4542,91
4543,102
4544,39
4545,16
4546,102
4547,39
4548,39
4549,102
4550,39
4551,102
4552,99
4553,102
4554,39
4555,39
4556,98
4557,102
4558,57
4559,101
4559,102
4560,102
4560,91
4561,16
4562,102
4563,30
4563,32
4563,22
4563,9
4564,102
4565,102
4565,5
4566,30
4566,9
4567,102
4568,39
4569,98
4570,69
4571,39
4572,102
4573,39
4574,39
4575,4
4576,30
4577,101
4578,102
4579,30
4579,9
4580,102
4580,101
4581,102
4582,95
4582,104
4582,45
4582,32
4582,30
4583,102
4584,77
4584,30
4584,76
4584,102
4585,101
4586,102
4587,102
4588,39
4588,95
4589,39
4590,102
4591,102
4592,36
4593,102
4594,102
4595,16
4596,39
4597,102
4598,16
4598,39
4599,101
4600,39
4601,101
4601,102
4602,102
4602,62
4603,102
4604,102
4605,102
4606,39
4607,102
4608,39
4609,19
4610,39
4611,39
4612,102
4613,39
4614,84
4614,47
4614,30
4615,39
4616,89
4617,39
4618,71
4619,27
4620,39
4621,102
4622,16
4623,5
4624,102
4625,39
4626,101
4627,27
4628,102
4629,57
4630,16
4630,60
4630,32
4630,88
4631,102
4632,101
4632,102
4632,16
4633,32
4633,30
4633,102
4633,16
4633,101
4634,102
4635,102
4636,36
4637,39
4638,36
4638,102
4639,101
4640,102
4640,101
4641,60
4642,102
4643,39
4644,39
4645,39
4646,39
4647,69
4648,45
4649,101
4650,102
4651,102
4652,102
4653,102
4654,102
4655,102
4656,27
4657,39
4657,16
4658,43
4658,16
4658,101
4658,102
4659,16
4660,101
4660,32
4661,102
4662,102
4663,102
4664,39
4665,60
4666,36
4667,102
4667,32
4667,5
4668,39
4669,102
4670,102
4671,102
4672,102
4673,102
4674,39
4675,102
4676,39
4677,99
4678,16
4679,39
4680,71
4681,39
4682,102
4683,39
4684,39
4685,39
4686,27
4687,39
4688,39
4689,27
4690,88
4690,102
4691,39
4692,39
4693,102
4694,5
4694,30
4694,43
4695,30
4696,16
4697,5
4697,39
4698,39
4699,39
4700,39
4701,102
4702,39
4703,39
4704,102
4705,102
4706,27
4707,102
4707,101
4707,5
4708,102
4709,102
4710,102
4711,45
4711,30
4712,102
4713,102
4714,102
4715,102
4716,102
4717,102
4717,101
4717,16
4717,47
4718,102
4719,102
4720,102
4721,102
4722,94
4722,101
4722,29
4723,102
4724,36
4724,97
4725,102
4725,101
4725,91
4725,89
4726,102
4727,102
4728,102
4729,101
4730,102
4731,101
4732,102
4733,101
4734,101
4735,102
4735,101
4736,99
4737,101
4737,30
4737,102
4738,35
4739,102
4740,102
4741,102
4742,101
4742,30
4743,60
4744,102
4745,39
4746,39
4747,39
4748,39
4749,36
4750,102
4751,39
4752,102
4753,102
4753,32
4753,101
4753,5
4754,39
4755,102
4756,5
4757,5
4758,39
4759,102
4760,102
4760,100
4761,101
4761,102
4762,39
4762,102
4763,98
4764,45
4764,30
4764,95
4765,39
4766,102
4767,16
4767,30
4767,102
4768,39
4769,40
4770,95
4770,102
4771,74
4772,102
4773,102
4774,98
4774,16
4774,102
4775,19
4775,36
4775,102
4776,19
4776,36
4777,102
4778,102
4779,102
4780,102
4781,102
4782,101
4782,67
4783,102
4784,102
4785,102
4786,102
4787,39
4788,40
4789,60
4790,102
4791,102
4792,22
4792,101
4792,30
4793,102
4794,102
4795,5
4795,101
4795,16
4796,102
4797,102
4798,102
4799,102
4800,102
4801,102
4802,101
4803,102
4804,102
4804,30
4805,46
4805,102
4806,102
4807,102
4808,102
4809,91
4810,102
4811,102
4812,16
4813,102
4814,101
4815,102
4816,102
4817,27
4818,102
4819,39
4820,98
4821,102
4822,102
4823,39
4824,102
4825,16
4826,102
4826,101
4827,5
4827,101
4828,102
4829,102
4830,11
4831,102
4832,102
4833,45
4833,30
4834,98
4835,39
4836,44
4837,101
4837,30
4837,16
4837,9
4837,102
4838,102
4839,23
4839,101
4839,94
4840,39
4840,30
4841,39
4842,102
4843,39
4844,102
4845,102
4846,102
4847,102
4848,40
4849,102
4850,102
4851,39
4852,102
4852,101
4853,102
4853,16
4854,102
4854,94
4855,19
4855,36
4856,36
4857,39
4858,39
4859,102
4859,32
4860,39
4861,30
4862,102
4863,102
4864,27
4865,102
4866,39
4867,102
4868,36
4868,102
4869,102
4869,36
4870,39
4871,4
4871,30
4871,102
4871,32
4871,78
4872,36
4873,102
4873,32
4873,101
4874,102
4874,32
4874,101
4874,45
4875,30
4876,102
4877,39
4878,101
4878,39
4879,39
4880,60
4880,91
4881,102
4882,16
4883,102
4884,102
4884,67
4884,101
4885,4
4886,89
4887,102
4888,102
4889,29
4889,102
4890,27
4891,91
4891,30
4891,103
4892,16
4892,102
4893,102
4893,16
4894,30
4894,16
4894,102
4895,101
4895,102
4896,102
4897,101
4898,36
4899,102
4900,102
4901,102
4902,102
4903,16
4903,102
4904,102
4905,101
4906,102
4907,30
4908,102
4909,102
4910,102
4910,16
4910,19
4911,101
4911,102
4912,102
4913,102
4914,43
4914,16
4914,55
4914,102
4914,101
4914,75
4914,39
4915,102
4916,69
4917,102
4917,22
4917,101
4918,102
4919,102
4919,19
4920,102
4921,44
4921,32
4922,16
4923,102
4924,102
4925,102
4926,27
4927,69
4928,102
4929,27
4930,91
4930,60
4931,60
4931,30
4932,101
4932,102
4933,102
4934,102
4935,102
4936,102
4937,16
4938,44
4938,32
4938,76
4938,55
4938,9
4938,30
4938,102
4939,27
4940,102
4941,102
4942,102
4943,76
4944,101
4944,47
4944,102
4945,101
4945,102
4946,39
4947,40
4948,102
4948,101
4949,39
4950,5
4951,6
4951,102
4952,102
4952,36
4953,4
4953,18
4954,102
4955,102
4956,102
4957,40
4958,102
4958,36
4959,102
4960,102
4961,102
4962,101
4962,54
4963,102
4964,102
4965,102
4966,101
4966,102
4967,102
4968,101
4969,102
4970,102
4971,69
4972,102
4973,102
4973,34
4973,101
4974,11
4975,102
4976,101
4977,36
4978,102
4979,102
4980,36
4981,102
4981,19
4982,101
4982,19
4982,102
4982,39
4983,101
4984,102
4984,34
4985,67
4986,102
4987,40
4988,102
4989,102
4989,94
4989,70
4990,44
4991,102
4992,102
4993,102
4994,101
4994,102
4994,62
4995,102
4995,101
4995,62
4996,39
4997,102
4997,5
4998,102
4999,102
5000,102
5001,91
5001,16
5001,102
5002,102
5003,16
5004,91
5005,102
5006,102
5007,98
5008,16
5009,102
5009,39
5009,100
5010,101
5010,102
5011,102
5012,101
5012,16
5012,30
5012,102
5013,60
5014,23
5015,102
5016,102
5017,102
5018,101
5019,101
5020,102
5021,102
5022,101
5022,30
5023,102
5024,40
5025,102
5026,101
5026,102
5026,5
5027,102
5028,102
5029,9
5029,43
5029,66
5029,32
5029,0
5030,5
5031,30
5031,102
5032,102
5033,11
5034,101
5035,102
5036,39
5037,16
5037,102
5038,102
5039,30
5039,16
5039,45
5039,102
5039,19
5040,32
5041,43
5041,101
5041,34
5041,30
5041,66
5042,43
5043,102
5044,102
5045,67
5045,102
5046,67
5046,102
5047,101
5047,32
5047,102
5048,76
5049,36
5050,102
5050,5
5050,88
5050,101
5051,102
5052,102
5052,32
5052,60
5053,102
5054,102
5055,102
5056,102
5057,89
5058,102
5058,101
5059,23
5060,102
5060,16
5061,67
5062,102
5063,45
5064,102
5065,102
5066,16
5067,102
5068,102
5069,75
5070,102
5071,101
5072,101
5073,102
5074,102
5075,102
5076,101
5076,102
5077,32
5078,102
5078,22
5079,102
5080,87
5080,49
5080,93
5080,88
5080,102
5081,101
5081,102
5082,102
5083,39
5084,27
5085,102
5086,89
5087,102
5087,101
5088,102
5088,22
5089,102
5090,89
5091,102
5092,102
5093,102
5094,40
5095,102
5095,32
5096,102
5096,16
5096,47
5096,72
5097,102
5098,67
5099,101
5099,91
5099,9
5100,83
5100,89
5100,86
5101,27
5102,102
5103,101
5104,102
5105,102
5106,101
5107,102
5108,5
5108,102
5109,102
5109,101
5110,102
5111,23
5111,101
5111,88
5111,94
5111,9
5112,5
5113,32
5113,16
5113,102
5114,102
5115,102
5115,30
5115,47
5116,39
5117,102
5118,45
5119,102
5120,60
5121,40
5122,102
5123,102
5124,102
5125,76
5126,102
5127,102
5128,102
5129,102
5130,102
5130,101
5131,102
5132,102
5133,27
5134,102
5135,101
5136,102
5136,100
5137,102
5138,102
5139,102
5140,101
5141,102
5142,101
5143,102
5144,102
5145,98
5146,9
5146,30
5147,102
5148,102
5149,27
5150,5
5150,102
5151,67
5151,101
5151,5
5152,102
5153,75
5154,69
5155,101
5155,16
5155,102
5156,102
5157,44
5158,30
5159,101
5159,102
5160,101
5161,16
5162,43
5163,36
5164,16
5165,39
5166,102
5167,19
5168,39
5168,102
5169,98
5170,102
5171,102
5171,16
5172,101
5173,101
5173,5
5173,16
5173,102
5174,36
5174,19
5175,102
5176,102
5177,19
5178,39
5179,39
5180,102
5181,102
5182,102
5183,101
5184,101
5184,102
5185,39
5186,102
5187,102
5188,102
5189,39
5190,98
5191,89
5192,101
5193,102
5194,101
5194,19
5194,102
5195,101
5195,11
5195,32
5196,102
5197,102
5198,102
5199,102
5200,88
5200,102
5201,102
5201,88
5202,101
5203,39
5204,39
5205,39
5206,102
5207,102
5208,102
5209,102
5210,102
5211,16
5211,102
5211,39
5211,101
5212,39
5213,102
5213,101
5214,102
5215,102
5216,47
5216,102
5217,102
5218,101
5219,16
5220,102
5220,30
5221,39
5222,101
5222,16
5222,102
5223,102
5224,102
5225,95
5225,101
5225,102
5226,16
5227,101
5227,32
5228,16
5228,39
5229,27
5230,102
5231,39
5232,27
5233,102
5234,102
5234,101
5234,32
5235,102
5236,39
5237,39
5238,101
5238,39
5238,94
5239,102
5240,101
5240,9
5241,102
5242,102
5243,39
5244,39
5245,99
5246,39
5247,101
5248,71
5249,39
5250,39
5251,102
5252,102
5253,101
5254,102
5255,102
5255,16
5256,39
5257,102
5257,39
5258,101
5259,27
5260,60
5261,101
5261,30
5261,102
5262,102
5263,91
5264,102
5265,102
5265,4
5266,76
5267,36
5268,39
5269,102
5270,102
5270,30
5271,102
5272,76
5273,19
5274,102
5275,102
5276,40
5277,32
5277,102
5277,101
5277,16
5278,102
5279,102
5280,101
5281,101
5282,102
5283,102
5284,101
5285,102
5286,102
5287,102
5287,25
5287,107
5288,5
5289,102
5290,102
5291,102
5292,16
5293,102
5294,102
5295,102
5296,71
5297,39
5298,102
5299,16
5299,102
5300,102
5301,102
5302,60
5303,39
5304,39
5305,39
5306,39
5307,39
5308,27
5308,6
5308,102
5309,30
5309,9
5310,98
5311,98
5312,98
5313,47
5313,102
5314,102
5315,101
5316,102
5317,21
5317,86
5317,83
5317,61
5318,75
5319,102
5320,102
5321,36
5322,102
5323,27
5323,30
5324,39
5325,39
5326,100
5326,48
5327,102
5328,102
5329,102
5330,39
